Ano;Sigla;Região;Estado;Sigla da IES;g_IGC (Faixa);IGC (Contínuo);g_Cursos com CPC no triênio;g_Conceito Médio de Graduação;g_Conceito Médio de Mestrado;g_Conceito Médio do Doutorado;g_Alfa;g_Beta;g_Gama;Número de instituições (IGC);Medida IGC
2013;UFMT;Centro-Oeste;Mato Grosso;UFMT;4;3,24;90;2,75;4,2;4,5;0,75;0,1;0,05;1;4
2014;UFMT;Centro-Oeste;Mato Grosso;UFMT;4;3,24;90;2,75;4,2;4,5;0,75;0,1;0,05;1;4
2015;UFMT;Centro-Oeste;Mato Grosso;UFMT;4;3,24;90;2,75;4,2;4,5;0,75;0,1;0,05;1;4
2016;UFMT;Centro-Oeste;Mato Grosso;UFMT;4;3,24;90;2,75;4,2;4,5;0,75;0,1;0,05;1;4
2017;UFMT;Centro-Oeste;Mato Grosso;UFMT;4;3,24;90;2,75;4,2;4,5;0,75;0,1;0,05;1;4
2018;UFMT;Centro-Oeste;Mato Grosso;UFMT;4;3,24;90;2,75;4,2;4,5;0,75;0,1;0,05;1;4
2019;UFMT;Centro-Oeste;Mato Grosso;UFMT;4;3,24;90;2,75;4,2;4,5;0,75;0,1;0,05;1;4
2020;UFMT;Centro-Oeste;Mato Grosso;UFMT;4;3,24;90;2,75;4,2;4,5;0,75;0,1;0,05;1;4
2021;UFMT;Centro-Oeste;Mato Grosso;UFMT;4;3,24;90;2,75;4,2;4,5;0,75;0,1;0,05;1;4
2022;UFMT;Centro-Oeste;Mato Grosso;UFMT;4;3,24;90;2,75;4,2;4,5;0,75;0,1;0,05;1;4
2023;UFMT;Centro-Oeste;Mato Grosso;UFMT;4;3,24;90;2,75;4,2;4,5;0,75;0,1;0,05;1;4
2024;UFMT;Centro-Oeste;Mato Grosso;UFMT;4;3,24;90;2,75;4,2;4,5;0,75;0,1;0,05;1;4
2013;UnB;Centro-Oeste;Distrito Federal;UNB;4;3,94;80;3,25;4,5;4,75;0,5;0,2;0,2;1;4
2014;UnB;Centro-Oeste;Distrito Federal;UNB;4;3,94;80;3,25;4,5;4,75;0,5;0,2;0,2;1;4
2015;UnB;Centro-Oeste;Distrito Federal;UNB;4;3,94;80;3,25;4,5;4,75;0,5;0,2;0,2;1;4
2016;UnB;Centro-Oeste;Distrito Federal;UNB;4;3,94;80;3,25;4,5;4,75;0,5;0,2;0,2;1;4
2017;UnB;Centro-Oeste;Distrito Federal;UNB;4;3,94;80;3,25;4,5;4,75;0,5;0,2;0,2;1;4
2018;UnB;Centro-Oeste;Distrito Federal;UNB;4;3,94;80;3,25;4,5;4,75;0,5;0,2;0,2;1;4
2019;UnB;Centro-Oeste;Distrito Federal;UNB;4;3,94;80;3,25;4,5;4,75;0,5;0,2;0,2;1;4
2020;UnB;Centro-Oeste;Distrito Federal;UNB;4;3,94;80;3,25;4,5;4,75;0,5;0,2;0,2;1;4
2021;UnB;Centro-Oeste;Distrito Federal;UNB;4;3,94;80;3,25;4,5;4,75;0,5;0,2;0,2;1;4
2022;UnB;Centro-Oeste;Distrito Federal;UNB;4;3,94;80;3,25;4,5;4,75;0,5;0,2;0,2;1;4
2023;UnB;Centro-Oeste;Distrito Federal;UNB;4;3,94;80;3,25;4,5;4,75;0,5;0,2;0,2;1;4
2024;UnB;Centro-Oeste;Distrito Federal;UNB;4;3,94;80;3,25;4,5;4,75;0,5;0,2;0,2;1;4
2013;UFS;Nordeste;Sergipe;UFS;4;3,37;90;3;4,2;4,5;0,8;0,1;0,05;1;4
2014;UFS;Nordeste;Sergipe;UFS;4;3,37;90;3;4,2;4,5;0,8;0,1;0,05;1;4
2015;UFS;Nordeste;Sergipe;UFS;4;3,37;90;3;4,2;4,5;0,8;0,1;0,05;1;4
2016;UFS;Nordeste;Sergipe;UFS;4;3,37;90;3;4,2;4,5;0,8;0,1;0,05;1;4
2017;UFS;Nordeste;Sergipe;UFS;4;3,37;90;3;4,2;4,5;0,8;0,1;0,05;1;4
2018;UFS;Nordeste;Sergipe;UFS;4;3,37;90;3;4,2;4,5;0,8;0,1;0,05;1;4
2019;UFS;Nordeste;Sergipe;UFS;4;3,37;90;3;4,2;4,5;0,8;0,1;0,05;1;4
2020;UFS;Nordeste;Sergipe;UFS;4;3,37;90;3;4,2;4,5;0,8;0,1;0,05;1;4
2021;UFS;Nordeste;Sergipe;UFS;4;3,37;90;3;4,2;4,5;0,8;0,1;0,05;1;4
2022;UFS;Nordeste;Sergipe;UFS;4;3,37;90;3;4,2;4,5;0,8;0,1;0,05;1;4
2023;UFS;Nordeste;Sergipe;UFS;4;3,37;90;3;4,2;4,5;0,8;0,1;0,05;1;4
2024;UFS;Nordeste;Sergipe;UFS;4;3,37;90;3;4,2;4,5;0,8;0,1;0,05;1;4
2013;UFAM;Norte;Amazonas;UFAM;4;3,05;70;2,75;4,2;4,25;0,8;0,1;0;1;4
2014;UFAM;Norte;Amazonas;UFAM;4;3,05;70;2,75;4,2;4,25;0,8;0,1;0;1;4
2015;UFAM;Norte;Amazonas;UFAM;4;3,05;70;2,75;4,2;4,25;0,8;0,1;0;1;4
2016;UFAM;Norte;Amazonas;UFAM;4;3,05;70;2,75;4,2;4,25;0,8;0,1;0;1;4
2017;UFAM;Norte;Amazonas;UFAM;4;3,05;70;2,75;4,2;4,25;0,8;0,1;0;1;4
2018;UFAM;Norte;Amazonas;UFAM;4;3,05;70;2,75;4,2;4,25;0,8;0,1;0;1;4
2019;UFAM;Norte;Amazonas;UFAM;4;3,05;70;2,75;4,2;4,25;0,8;0,1;0;1;4
2020;UFAM;Norte;Amazonas;UFAM;4;3,05;70;2,75;4,2;4,25;0,8;0,1;0;1;4
2021;UFAM;Norte;Amazonas;UFAM;4;3,05;70;2,75;4,2;4,25;0,8;0,1;0;1;4
2022;UFAM;Norte;Amazonas;UFAM;4;3,05;70;2,75;4,2;4,25;0,8;0,1;0;1;4
2023;UFAM;Norte;Amazonas;UFAM;4;3,05;70;2,75;4,2;4,25;0,8;0,1;0;1;4
2024;UFAM;Norte;Amazonas;UFAM;4;3,05;70;2,75;4,2;4,25;0,8;0,1;0;1;4
2013;UFPI;Nordeste;Piauí;UFPI;4;2,96;70;2,5;4,3;4,5;0,85;0,1;0;1;4
2014;UFPI;Nordeste;Piauí;UFPI;4;2,96;70;2,5;4,3;4,5;0,85;0,1;0;1;4
2015;UFPI;Nordeste;Piauí;UFPI;4;2,96;70;2,5;4,3;4,5;0,85;0,1;0;1;4
2016;UFPI;Nordeste;Piauí;UFPI;4;2,96;70;2,5;4,3;4,5;0,85;0,1;0;1;4
2017;UFPI;Nordeste;Piauí;UFPI;4;2,96;70;2,5;4,3;4,5;0,85;0,1;0;1;4
2018;UFPI;Nordeste;Piauí;UFPI;4;2,96;70;2,5;4,3;4,5;0,85;0,1;0;1;4
2019;UFPI;Nordeste;Piauí;UFPI;4;2,96;70;2,5;4,3;4,5;0,85;0,1;0;1;4
2020;UFPI;Nordeste;Piauí;UFPI;4;2,96;70;2,5;4,3;4,5;0,85;0,1;0;1;4
2021;UFPI;Nordeste;Piauí;UFPI;4;2,96;70;2,5;4,3;4,5;0,85;0,1;0;1;4
2022;UFPI;Nordeste;Piauí;UFPI;4;2,96;70;2,5;4,3;4,5;0,85;0,1;0;1;4
2023;UFPI;Nordeste;Piauí;UFPI;4;2,96;70;2,5;4,3;4,5;0,85;0,1;0;1;4
2024;UFPI;Nordeste;Piauí;UFPI;4;2,96;70;2,5;4,3;4,5;0,85;0,1;0;1;4
2013;UFOP;Sudeste;Minas Gerais;UFOP;4;3,51;40;3;4,3;4,5;0,75;0,15;0,05;1;4
2014;UFOP;Sudeste;Minas Gerais;UFOP;4;3,51;40;3;4,3;4,5;0,75;0,15;0,05;1;4
2015;UFOP;Sudeste;Minas Gerais;UFOP;4;3,51;40;3;4,3;4,5;0,75;0,15;0,05;1;4
2016;UFOP;Sudeste;Minas Gerais;UFOP;4;3,51;40;3;4,3;4,5;0,75;0,15;0,05;1;4
2017;UFOP;Sudeste;Minas Gerais;UFOP;4;3,51;40;3;4,3;4,5;0,75;0,15;0,05;1;4
2018;UFOP;Sudeste;Minas Gerais;UFOP;4;3,51;40;3;4,3;4,5;0,75;0,15;0,05;1;4
2019;UFOP;Sudeste;Minas Gerais;UFOP;4;3,51;40;3;4,3;4,5;0,75;0,15;0,05;1;4
2020;UFOP;Sudeste;Minas Gerais;UFOP;4;3,51;40;3;4,3;4,5;0,75;0,15;0,05;1;4
2021;UFOP;Sudeste;Minas Gerais;UFOP;4;3,51;40;3;4,3;4,5;0,75;0,15;0,05;1;4
2022;UFOP;Sudeste;Minas Gerais;UFOP;4;3,51;40;3;4,3;4,5;0,75;0,15;0,05;1;4
2023;UFOP;Sudeste;Minas Gerais;UFOP;4;3,51;40;3;4,3;4,5;0,75;0,15;0,05;1;4
2024;UFOP;Sudeste;Minas Gerais;UFOP;4;3,51;40;3;4,3;4,5;0,75;0,15;0,05;1;4
2013;UFSCar;Sudeste;São Paulo;UFSCAR;5;4,06;50;3,25;4,5;4,75;0,45;0,2;0,25;1;5
2014;UFSCar;Sudeste;São Paulo;UFSCAR;5;4,06;50;3,25;4,5;4,75;0,45;0,2;0,25;1;5
2015;UFSCar;Sudeste;São Paulo;UFSCAR;5;4,06;50;3,25;4,5;4,75;0,45;0,2;0,25;1;5
2016;UFSCar;Sudeste;São Paulo;UFSCAR;5;4,06;50;3,25;4,5;4,75;0,45;0,2;0,25;1;5
2017;UFSCar;Sudeste;São Paulo;UFSCAR;5;4,06;50;3,25;4,5;4,75;0,45;0,2;0,25;1;5
2018;UFSCar;Sudeste;São Paulo;UFSCAR;5;4,06;50;3,25;4,5;4,75;0,45;0,2;0,25;1;5
2019;UFSCar;Sudeste;São Paulo;UFSCAR;5;4,06;50;3,25;4,5;4,75;0,45;0,2;0,25;1;5
2020;UFSCar;Sudeste;São Paulo;UFSCAR;5;4,06;50;3,25;4,5;4,75;0,45;0,2;0,25;1;5
2021;UFSCar;Sudeste;São Paulo;UFSCAR;5;4,06;50;3,25;4,5;4,75;0,45;0,2;0,25;1;5
2022;UFSCar;Sudeste;São Paulo;UFSCAR;5;4,06;50;3,25;4,5;4,75;0,45;0,2;0,25;1;5
2023;UFSCar;Sudeste;São Paulo;UFSCAR;5;4,06;50;3,25;4,5;4,75;0,45;0,2;0,25;1;5
2024;UFSCar;Sudeste;São Paulo;UFSCAR;5;4,06;50;3,25;4,5;4,75;0,45;0,2;0,25;1;5
2013;UFV;Sudeste;Minas Gerais;UFV;5;4,08;60;3,25;4,6;4,75;0,5;0,2;0,25;1;5
2014;UFV;Sudeste;Minas Gerais;UFV;5;4,08;60;3,25;4,6;4,75;0,5;0,2;0,25;1;5
2015;UFV;Sudeste;Minas Gerais;UFV;5;4,08;60;3,25;4,6;4,75;0,5;0,2;0,25;1;5
2016;UFV;Sudeste;Minas Gerais;UFV;5;4,08;60;3,25;4,6;4,75;0,5;0,2;0,25;1;5
2017;UFV;Sudeste;Minas Gerais;UFV;5;4,08;60;3,25;4,6;4,75;0,5;0,2;0,25;1;5
2018;UFV;Sudeste;Minas Gerais;UFV;5;4,08;60;3,25;4,6;4,75;0,5;0,2;0,25;1;5
2019;UFV;Sudeste;Minas Gerais;UFV;5;4,08;60;3,25;4,6;4,75;0,5;0,2;0,25;1;5
2020;UFV;Sudeste;Minas Gerais;UFV;5;4,08;60;3,25;4,6;4,75;0,5;0,2;0,25;1;5
2021;UFV;Sudeste;Minas Gerais;UFV;5;4,08;60;3,25;4,6;4,75;0,5;0,2;0,25;1;5
2022;UFV;Sudeste;Minas Gerais;UFV;5;4,08;60;3,25;4,6;4,75;0,5;0,2;0,25;1;5
2023;UFV;Sudeste;Minas Gerais;UFV;5;4,08;60;3,25;4,6;4,75;0,5;0,2;0,25;1;5
2024;UFV;Sudeste;Minas Gerais;UFV;5;4,08;60;3,25;4,6;4,75;0,5;0,2;0,25;1;5
2013;FURG;Sul;Rio Grande do Sul;FURG;4;3,49;40;3;4,3;4,5;0,65;0,15;0,1;1;4
2014;FURG;Sul;Rio Grande do Sul;FURG;4;3,49;40;3;4,3;4,5;0,65;0,15;0,1;1;4
2015;FURG;Sul;Rio Grande do Sul;FURG;4;3,49;40;3;4,3;4,5;0,65;0,15;0,1;1;4
2016;FURG;Sul;Rio Grande do Sul;FURG;4;3,49;40;3;4,3;4,5;0,65;0,15;0,1;1;4
2017;FURG;Sul;Rio Grande do Sul;FURG;4;3,49;40;3;4,3;4,5;0,65;0,15;0,1;1;4
2018;FURG;Sul;Rio Grande do Sul;FURG;4;3,49;40;3;4,3;4,5;0,65;0,15;0,1;1;4
2019;FURG;Sul;Rio Grande do Sul;FURG;4;3,49;40;3;4,3;4,5;0,65;0,15;0,1;1;4
2020;FURG;Sul;Rio Grande do Sul;FURG;4;3,49;40;3;4,3;4,5;0,65;0,15;0,1;1;4
2021;FURG;Sul;Rio Grande do Sul;FURG;4;3,49;40;3;4,3;4,5;0,65;0,15;0,1;1;4
2022;FURG;Sul;Rio Grande do Sul;FURG;4;3,49;40;3;4,3;4,5;0,65;0,15;0,1;1;4
2023;FURG;Sul;Rio Grande do Sul;FURG;4;3,49;40;3;4,3;4,5;0,65;0,15;0,1;1;4
2024;FURG;Sul;Rio Grande do Sul;FURG;4;3,49;40;3;4,3;4,5;0,65;0,15;0,1;1;4
2013;UFU;Sudeste;Minas Gerais;UFU;4;3,73;80;3;4,5;4,75;0,6;0,15;0,15;1;4
2014;UFU;Sudeste;Minas Gerais;UFU;4;3,73;80;3;4,5;4,75;0,6;0,15;0,15;1;4
2015;UFU;Sudeste;Minas Gerais;UFU;4;3,73;80;3;4,5;4,75;0,6;0,15;0,15;1;4
2016;UFU;Sudeste;Minas Gerais;UFU;4;3,73;80;3;4,5;4,75;0,6;0,15;0,15;1;4
2017;UFU;Sudeste;Minas Gerais;UFU;4;3,73;80;3;4,5;4,75;0,6;0,15;0,15;1;4
2018;UFU;Sudeste;Minas Gerais;UFU;4;3,73;80;3;4,5;4,75;0,6;0,15;0,15;1;4
2019;UFU;Sudeste;Minas Gerais;UFU;4;3,73;80;3;4,5;4,75;0,6;0,15;0,15;1;4
2020;UFU;Sudeste;Minas Gerais;UFU;4;3,73;80;3;4,5;4,75;0,6;0,15;0,15;1;4
2021;UFU;Sudeste;Minas Gerais;UFU;4;3,73;80;3;4,5;4,75;0,6;0,15;0,15;1;4
2022;UFU;Sudeste;Minas Gerais;UFU;4;3,73;80;3;4,5;4,75;0,6;0,15;0,15;1;4
2023;UFU;Sudeste;Minas Gerais;UFU;4;3,73;80;3;4,5;4,75;0,6;0,15;0,15;1;4
2024;UFU;Sudeste;Minas Gerais;UFU;4;3,73;80;3;4,5;4,75;0,6;0,15;0,15;1;4
2013;UFSJ;Sudeste;Minas Gerais;UFSJ;4;3,44;40;3,25;4,2;4,5;0,8;0,1;0;1;4
2014;UFSJ;Sudeste;Minas Gerais;UFSJ;4;3,44;40;3,25;4,2;4,5;0,8;0,1;0;1;4
2015;UFSJ;Sudeste;Minas Gerais;UFSJ;4;3,44;40;3,25;4,2;4,5;0,8;0,1;0;1;4
2016;UFSJ;Sudeste;Minas Gerais;UFSJ;4;3,44;40;3,25;4,2;4,5;0,8;0,1;0;1;4
2017;UFSJ;Sudeste;Minas Gerais;UFSJ;4;3,44;40;3,25;4,2;4,5;0,8;0,1;0;1;4
2018;UFSJ;Sudeste;Minas Gerais;UFSJ;4;3,44;40;3,25;4,2;4,5;0,8;0,1;0;1;4
2019;UFSJ;Sudeste;Minas Gerais;UFSJ;4;3,44;40;3,25;4,2;4,5;0,8;0,1;0;1;4
2020;UFSJ;Sudeste;Minas Gerais;UFSJ;4;3,44;40;3,25;4,2;4,5;0,8;0,1;0;1;4
2021;UFSJ;Sudeste;Minas Gerais;UFSJ;4;3,44;40;3,25;4,2;4,5;0,8;0,1;0;1;4
2022;UFSJ;Sudeste;Minas Gerais;UFSJ;4;3,44;40;3,25;4,2;4,5;0,8;0,1;0;1;4
2023;UFSJ;Sudeste;Minas Gerais;UFSJ;4;3,44;40;3,25;4,2;4,5;0,8;0,1;0;1;4
2024;UFSJ;Sudeste;Minas Gerais;UFSJ;4;3,44;40;3,25;4,2;4,5;0,8;0,1;0;1;4
2013;UFMA;Nordeste;Maranhão;UFMA;4;3,23;50;3;4,2;4,5;0,85;0,05;0;1;4
2014;UFMA;Nordeste;Maranhão;UFMA;4;3,23;50;3;4,2;4,5;0,85;0,05;0;1;4
2015;UFMA;Nordeste;Maranhão;UFMA;4;3,23;50;3;4,2;4,5;0,85;0,05;0;1;4
2016;UFMA;Nordeste;Maranhão;UFMA;4;3,23;50;3;4,2;4,5;0,85;0,05;0;1;4
2017;UFMA;Nordeste;Maranhão;UFMA;4;3,23;50;3;4,2;4,5;0,85;0,05;0;1;4
2018;UFMA;Nordeste;Maranhão;UFMA;4;3,23;50;3;4,2;4,5;0,85;0,05;0;1;4
2019;UFMA;Nordeste;Maranhão;UFMA;4;3,23;50;3;4,2;4,5;0,85;0,05;0;1;4
2020;UFMA;Nordeste;Maranhão;UFMA;4;3,23;50;3;4,2;4,5;0,85;0,05;0;1;4
2021;UFMA;Nordeste;Maranhão;UFMA;4;3,23;50;3;4,2;4,5;0,85;0,05;0;1;4
2022;UFMA;Nordeste;Maranhão;UFMA;4;3,23;50;3;4,2;4,5;0,85;0,05;0;1;4
2023;UFMA;Nordeste;Maranhão;UFMA;4;3,23;50;3;4,2;4,5;0,85;0,05;0;1;4
2024;UFMA;Nordeste;Maranhão;UFMA;4;3,23;50;3;4,2;4,5;0,85;0,05;0;1;4
2013;UFAC;Norte;Acre;UFAC;3;2,86;30;2,5;4,2;4,5;0,85;0,05;0;1;3
2014;UFAC;Norte;Acre;UFAC;3;2,86;30;2,5;4,2;4,5;0,85;0,05;0;1;3
2015;UFAC;Norte;Acre;UFAC;3;2,86;30;2,5;4,2;4,5;0,85;0,05;0;1;3
2016;UFAC;Norte;Acre;UFAC;3;2,86;30;2,5;4,2;4,5;0,85;0,05;0;1;3
2017;UFAC;Norte;Acre;UFAC;3;2,86;30;2,5;4,2;4,5;0,85;0,05;0;1;3
2018;UFAC;Norte;Acre;UFAC;3;2,86;30;2,5;4,2;4,5;0,85;0,05;0;1;3
2019;UFAC;Norte;Acre;UFAC;3;2,86;30;2,5;4,2;4,5;0,85;0,05;0;1;3
2020;UFAC;Norte;Acre;UFAC;3;2,86;30;2,5;4,2;4,5;0,85;0,05;0;1;3
2021;UFAC;Norte;Acre;UFAC;3;2,86;30;2,5;4,2;4,5;0,85;0,05;0;1;3
2022;UFAC;Norte;Acre;UFAC;3;2,86;30;2,5;4,2;4,5;0,85;0,05;0;1;3
2023;UFAC;Norte;Acre;UFAC;3;2,86;30;2,5;4,2;4,5;0,85;0,05;0;1;3
2024;UFAC;Norte;Acre;UFAC;3;2,86;30;2,5;4,2;4,5;0,85;0,05;0;1;3
2013;UFPA;Norte;Pará;UFPA;4;3,39;90;2,75;4,3;4,75;0,6;0,15;0,15;1;4
2014;UFPA;Norte;Pará;UFPA;4;3,39;90;2,75;4,3;4,75;0,6;0,15;0,15;1;4
2015;UFPA;Norte;Pará;UFPA;4;3,39;90;2,75;4,3;4,75;0,6;0,15;0,15;1;4
2016;UFPA;Norte;Pará;UFPA;4;3,39;90;2,75;4,3;4,75;0,6;0,15;0,15;1;4
2017;UFPA;Norte;Pará;UFPA;4;3,39;90;2,75;4,3;4,75;0,6;0,15;0,15;1;4
2018;UFPA;Norte;Pará;UFPA;4;3,39;90;2,75;4,3;4,75;0,6;0,15;0,15;1;4
2019;UFPA;Norte;Pará;UFPA;4;3,39;90;2,75;4,3;4,75;0,6;0,15;0,15;1;4
2020;UFPA;Norte;Pará;UFPA;4;3,39;90;2,75;4,3;4,75;0,6;0,15;0,15;1;4
2021;UFPA;Norte;Pará;UFPA;4;3,39;90;2,75;4,3;4,75;0,6;0,15;0,15;1;4
2022;UFPA;Norte;Pará;UFPA;4;3,39;90;2,75;4,3;4,75;0,6;0,15;0,15;1;4
2023;UFPA;Norte;Pará;UFPA;4;3,39;90;2,75;4,3;4,75;0,6;0,15;0,15;1;4
2024;UFPA;Norte;Pará;UFPA;4;3,39;90;2,75;4,3;4,75;0,6;0,15;0,15;1;4
2013;UFRN;Nordeste;Rio Grande do Norte;UFRN;4;3,72;90;3;4,3;4,5;0,6;0,2;0,15;1;4
2014;UFRN;Nordeste;Rio Grande do Norte;UFRN;4;3,72;90;3;4,3;4,5;0,6;0,2;0,15;1;4
2015;UFRN;Nordeste;Rio Grande do Norte;UFRN;4;3,72;90;3;4,3;4,5;0,6;0,2;0,15;1;4
2016;UFRN;Nordeste;Rio Grande do Norte;UFRN;4;3,72;90;3;4,3;4,5;0,6;0,2;0,15;1;4
2017;UFRN;Nordeste;Rio Grande do Norte;UFRN;4;3,72;90;3;4,3;4,5;0,6;0,2;0,15;1;4
2018;UFRN;Nordeste;Rio Grande do Norte;UFRN;4;3,72;90;3;4,3;4,5;0,6;0,2;0,15;1;4
2019;UFRN;Nordeste;Rio Grande do Norte;UFRN;4;3,72;90;3;4,3;4,5;0,6;0,2;0,15;1;4
2020;UFRN;Nordeste;Rio Grande do Norte;UFRN;4;3,72;90;3;4,3;4,5;0,6;0,2;0,15;1;4
2021;UFRN;Nordeste;Rio Grande do Norte;UFRN;4;3,72;90;3;4,3;4,5;0,6;0,2;0,15;1;4
2022;UFRN;Nordeste;Rio Grande do Norte;UFRN;4;3,72;90;3;4,3;4,5;0,6;0,2;0,15;1;4
2023;UFRN;Nordeste;Rio Grande do Norte;UFRN;4;3,72;90;3;4,3;4,5;0,6;0,2;0,15;1;4
2024;UFRN;Nordeste;Rio Grande do Norte;UFRN;4;3,72;90;3;4,3;4,5;0,6;0,2;0,15;1;4
2013;UFPR;Sul;Paraná;UFPR;5;4;90;3;4,6;4,75;0,45;0,25;0,2;1;5
2014;UFPR;Sul;Paraná;UFPR;5;4;90;3;4,6;4,75;0,45;0,25;0,2;1;5
2015;UFPR;Sul;Paraná;UFPR;5;4;90;3;4,6;4,75;0,45;0,25;0,2;1;5
2016;UFPR;Sul;Paraná;UFPR;5;4;90;3;4,6;4,75;0,45;0,25;0,2;1;5
2017;UFPR;Sul;Paraná;UFPR;5;4;90;3;4,6;4,75;0,45;0,25;0,2;1;5
2018;UFPR;Sul;Paraná;UFPR;5;4;90;3;4,6;4,75;0,45;0,25;0,2;1;5
2019;UFPR;Sul;Paraná;UFPR;5;4;90;3;4,6;4,75;0,45;0,25;0,2;1;5
2020;UFPR;Sul;Paraná;UFPR;5;4;90;3;4,6;4,75;0,45;0,25;0,2;1;5
2021;UFPR;Sul;Paraná;UFPR;5;4;90;3;4,6;4,75;0,45;0,25;0,2;1;5
2022;UFPR;Sul;Paraná;UFPR;5;4;90;3;4,6;4,75;0,45;0,25;0,2;1;5
2023;UFPR;Sul;Paraná;UFPR;5;4;90;3;4,6;4,75;0,45;0,25;0,2;1;5
2024;UFPR;Sul;Paraná;UFPR;5;4;90;3;4,6;4,75;0,45;0,25;0,2;1;5
2013;UFF;Sudeste;Rio de Janeiro;UFF;4;3,61;100;3;4,4;4,75;0,65;0,15;0,1;1;4
2014;UFF;Sudeste;Rio de Janeiro;UFF;4;3,61;100;3;4,4;4,75;0,65;0,15;0,1;1;4
2015;UFF;Sudeste;Rio de Janeiro;UFF;4;3,61;100;3;4,4;4,75;0,65;0,15;0,1;1;4
2016;UFF;Sudeste;Rio de Janeiro;UFF;4;3,61;100;3;4,4;4,75;0,65;0,15;0,1;1;4
2017;UFF;Sudeste;Rio de Janeiro;UFF;4;3,61;100;3;4,4;4,75;0,65;0,15;0,1;1;4
2018;UFF;Sudeste;Rio de Janeiro;UFF;4;3,61;100;3;4,4;4,75;0,65;0,15;0,1;1;4
2019;UFF;Sudeste;Rio de Janeiro;UFF;4;3,61;100;3;4,4;4,75;0,65;0,15;0,1;1;4
2020;UFF;Sudeste;Rio de Janeiro;UFF;4;3,61;100;3;4,4;4,75;0,65;0,15;0,1;1;4
2021;UFF;Sudeste;Rio de Janeiro;UFF;4;3,61;100;3;4,4;4,75;0,65;0,15;0,1;1;4
2022;UFF;Sudeste;Rio de Janeiro;UFF;4;3,61;100;3;4,4;4,75;0,65;0,15;0,1;1;4
2023;UFF;Sudeste;Rio de Janeiro;UFF;4;3,61;100;3;4,4;4,75;0,65;0,15;0,1;1;4
2024;UFF;Sudeste;Rio de Janeiro;UFF;4;3,61;100;3;4,4;4,75;0,65;0,15;0,1;1;4
2013;UFES;Sudeste;Espírito Santo;UFES;4;3,58;80;3;4,4;4,75;0,65;0,15;0,1;1;4
2014;UFES;Sudeste;Espírito Santo;UFES;4;3,58;80;3;4,4;4,75;0,65;0,15;0,1;1;4
2015;UFES;Sudeste;Espírito Santo;UFES;4;3,58;80;3;4,4;4,75;0,65;0,15;0,1;1;4
2016;UFES;Sudeste;Espírito Santo;UFES;4;3,58;80;3;4,4;4,75;0,65;0,15;0,1;1;4
2017;UFES;Sudeste;Espírito Santo;UFES;4;3,58;80;3;4,4;4,75;0,65;0,15;0,1;1;4
2018;UFES;Sudeste;Espírito Santo;UFES;4;3,58;80;3;4,4;4,75;0,65;0,15;0,1;1;4
2019;UFES;Sudeste;Espírito Santo;UFES;4;3,58;80;3;4,4;4,75;0,65;0,15;0,1;1;4
2020;UFES;Sudeste;Espírito Santo;UFES;4;3,58;80;3;4,4;4,75;0,65;0,15;0,1;1;4
2021;UFES;Sudeste;Espírito Santo;UFES;4;3,58;80;3;4,4;4,75;0,65;0,15;0,1;1;4
2022;UFES;Sudeste;Espírito Santo;UFES;4;3,58;80;3;4,4;4,75;0,65;0,15;0,1;1;4
2023;UFES;Sudeste;Espírito Santo;UFES;4;3,58;80;3;4,4;4,75;0,65;0,15;0,1;1;4
2024;UFES;Sudeste;Espírito Santo;UFES;4;3,58;80;3;4,4;4,75;0,65;0,15;0,1;1;4
2013;UFRRJ;Sudeste;Rio de Janeiro;UFRRJ;4;3,51;50;3;4,3;4,75;0,75;0,1;0,05;1;4
2014;UFRRJ;Sudeste;Rio de Janeiro;UFRRJ;4;3,51;50;3;4,3;4,75;0,75;0,1;0,05;1;4
2015;UFRRJ;Sudeste;Rio de Janeiro;UFRRJ;4;3,51;50;3;4,3;4,75;0,75;0,1;0,05;1;4
2016;UFRRJ;Sudeste;Rio de Janeiro;UFRRJ;4;3,51;50;3;4,3;4,75;0,75;0,1;0,05;1;4
2017;UFRRJ;Sudeste;Rio de Janeiro;UFRRJ;4;3,51;50;3;4,3;4,75;0,75;0,1;0,05;1;4
2018;UFRRJ;Sudeste;Rio de Janeiro;UFRRJ;4;3,51;50;3;4,3;4,75;0,75;0,1;0,05;1;4
2019;UFRRJ;Sudeste;Rio de Janeiro;UFRRJ;4;3,51;50;3;4,3;4,75;0,75;0,1;0,05;1;4
2020;UFRRJ;Sudeste;Rio de Janeiro;UFRRJ;4;3,51;50;3;4,3;4,75;0,75;0,1;0,05;1;4
2021;UFRRJ;Sudeste;Rio de Janeiro;UFRRJ;4;3,51;50;3;4,3;4,75;0,75;0,1;0,05;1;4
2022;UFRRJ;Sudeste;Rio de Janeiro;UFRRJ;4;3,51;50;3;4,3;4,75;0,75;0,1;0,05;1;4
2023;UFRRJ;Sudeste;Rio de Janeiro;UFRRJ;4;3,51;50;3;4,3;4,75;0,75;0,1;0,05;1;4
2024;UFRRJ;Sudeste;Rio de Janeiro;UFRRJ;4;3,51;50;3;4,3;4,75;0,75;0,1;0,05;1;4
2013;UFMG;Sudeste;Minas Gerais;UFMG;5;4,3;70;3,25;4,8;4,75;0,4;0,2;0,3;1;5
2014;UFMG;Sudeste;Minas Gerais;UFMG;5;4,3;70;3,25;4,8;4,75;0,4;0,2;0,3;1;5
2015;UFMG;Sudeste;Minas Gerais;UFMG;5;4,3;70;3,25;4,8;4,75;0,4;0,2;0,3;1;5
2016;UFMG;Sudeste;Minas Gerais;UFMG;5;4,3;70;3,25;4,8;4,75;0,4;0,2;0,3;1;5
2017;UFMG;Sudeste;Minas Gerais;UFMG;5;4,3;70;3,25;4,8;4,75;0,4;0,2;0,3;1;5
2018;UFMG;Sudeste;Minas Gerais;UFMG;5;4,3;70;3,25;4,8;4,75;0,4;0,2;0,3;1;5
2019;UFMG;Sudeste;Minas Gerais;UFMG;5;4,3;70;3,25;4,8;4,75;0,4;0,2;0,3;1;5
2020;UFMG;Sudeste;Minas Gerais;UFMG;5;4,3;70;3,25;4,8;4,75;0,4;0,2;0,3;1;5
2021;UFMG;Sudeste;Minas Gerais;UFMG;5;4,3;70;3,25;4,8;4,75;0,4;0,2;0,3;1;5
2022;UFMG;Sudeste;Minas Gerais;UFMG;5;4,3;70;3,25;4,8;4,75;0,4;0,2;0,3;1;5
2023;UFMG;Sudeste;Minas Gerais;UFMG;5;4,3;70;3,25;4,8;4,75;0,4;0,2;0,3;1;5
2024;UFMG;Sudeste;Minas Gerais;UFMG;5;4,3;70;3,25;4,8;4,75;0,4;0,2;0,3;1;5
2013;UFJF;Sudeste;Minas Gerais;UFJF;4;3,71;70;3,25;4,5;4,5;0,65;0,2;0,1;1;4
2014;UFJF;Sudeste;Minas Gerais;UFJF;4;3,71;70;3,25;4,5;4,5;0,65;0,2;0,1;1;4
2015;UFJF;Sudeste;Minas Gerais;UFJF;4;3,71;70;3,25;4,5;4,5;0,65;0,2;0,1;1;4
2016;UFJF;Sudeste;Minas Gerais;UFJF;4;3,71;70;3,25;4,5;4,5;0,65;0,2;0,1;1;4
2017;UFJF;Sudeste;Minas Gerais;UFJF;4;3,71;70;3,25;4,5;4,5;0,65;0,2;0,1;1;4
2018;UFJF;Sudeste;Minas Gerais;UFJF;4;3,71;70;3,25;4,5;4,5;0,65;0,2;0,1;1;4
2019;UFJF;Sudeste;Minas Gerais;UFJF;4;3,71;70;3,25;4,5;4,5;0,65;0,2;0,1;1;4
2020;UFJF;Sudeste;Minas Gerais;UFJF;4;3,71;70;3,25;4,5;4,5;0,65;0,2;0,1;1;4
2021;UFJF;Sudeste;Minas Gerais;UFJF;4;3,71;70;3,25;4,5;4,5;0,65;0,2;0,1;1;4
2022;UFJF;Sudeste;Minas Gerais;UFJF;4;3,71;70;3,25;4,5;4,5;0,65;0,2;0,1;1;4
2023;UFJF;Sudeste;Minas Gerais;UFJF;4;3,71;70;3,25;4,5;4,5;0,65;0,2;0,1;1;4
2024;UFJF;Sudeste;Minas Gerais;UFJF;4;3,71;70;3,25;4,5;4,5;0,65;0,2;0,1;1;4
2013;UFAL;Nordeste;Alagoas;UFAL;4;3,05;70;2,75;4,2;4,25;0,85;0,05;0,05;1;4
2014;UFAL;Nordeste;Alagoas;UFAL;4;3,05;70;2,75;4,2;4,25;0,85;0,05;0,05;1;4
2015;UFAL;Nordeste;Alagoas;UFAL;4;3,05;70;2,75;4,2;4,25;0,85;0,05;0,05;1;4
2016;UFAL;Nordeste;Alagoas;UFAL;4;3,05;70;2,75;4,2;4,25;0,85;0,05;0,05;1;4
2017;UFAL;Nordeste;Alagoas;UFAL;4;3,05;70;2,75;4,2;4,25;0,85;0,05;0,05;1;4
2018;UFAL;Nordeste;Alagoas;UFAL;4;3,05;70;2,75;4,2;4,25;0,85;0,05;0,05;1;4
2019;UFAL;Nordeste;Alagoas;UFAL;4;3,05;70;2,75;4,2;4,25;0,85;0,05;0,05;1;4
2020;UFAL;Nordeste;Alagoas;UFAL;4;3,05;70;2,75;4,2;4,25;0,85;0,05;0,05;1;4
2021;UFAL;Nordeste;Alagoas;UFAL;4;3,05;70;2,75;4,2;4,25;0,85;0,05;0,05;1;4
2022;UFAL;Nordeste;Alagoas;UFAL;4;3,05;70;2,75;4,2;4,25;0,85;0,05;0,05;1;4
2023;UFAL;Nordeste;Alagoas;UFAL;4;3,05;70;2,75;4,2;4,25;0,85;0,05;0,05;1;4
2024;UFAL;Nordeste;Alagoas;UFAL;4;3,05;70;2,75;4,2;4,25;0,85;0,05;0,05;1;4
2013;UFBA;Nordeste;Bahia;UFBA;4;3,85;60;3;4,6;4,5;0,5;0,2;0,2;1;4
2014;UFBA;Nordeste;Bahia;UFBA;4;3,85;60;3;4,6;4,5;0,5;0,2;0,2;1;4
2015;UFBA;Nordeste;Bahia;UFBA;4;3,85;60;3;4,6;4,5;0,5;0,2;0,2;1;4
2016;UFBA;Nordeste;Bahia;UFBA;4;3,85;60;3;4,6;4,5;0,5;0,2;0,2;1;4
2017;UFBA;Nordeste;Bahia;UFBA;4;3,85;60;3;4,6;4,5;0,5;0,2;0,2;1;4
2018;UFBA;Nordeste;Bahia;UFBA;4;3,85;60;3;4,6;4,5;0,5;0,2;0,2;1;4
2019;UFBA;Nordeste;Bahia;UFBA;4;3,85;60;3;4,6;4,5;0,5;0,2;0,2;1;4
2020;UFBA;Nordeste;Bahia;UFBA;4;3,85;60;3;4,6;4,5;0,5;0,2;0,2;1;4
2021;UFBA;Nordeste;Bahia;UFBA;4;3,85;60;3;4,6;4,5;0,5;0,2;0,2;1;4
2022;UFBA;Nordeste;Bahia;UFBA;4;3,85;60;3;4,6;4,5;0,5;0,2;0,2;1;4
2023;UFBA;Nordeste;Bahia;UFBA;4;3,85;60;3;4,6;4,5;0,5;0,2;0,2;1;4
2024;UFBA;Nordeste;Bahia;UFBA;4;3,85;60;3;4,6;4,5;0,5;0,2;0,2;1;4
2013;UFPB;Nordeste;Paraíba;UFPB;4;3,57;70;3;4,4;4,5;0,65;0,15;0,15;1;4
2014;UFPB;Nordeste;Paraíba;UFPB;4;3,57;70;3;4,4;4,5;0,65;0,15;0,15;1;4
2015;UFPB;Nordeste;Paraíba;UFPB;4;3,57;70;3;4,4;4,5;0,65;0,15;0,15;1;4
2016;UFPB;Nordeste;Paraíba;UFPB;4;3,57;70;3;4,4;4,5;0,65;0,15;0,15;1;4
2017;UFPB;Nordeste;Paraíba;UFPB;4;3,57;70;3;4,4;4,5;0,65;0,15;0,15;1;4
2018;UFPB;Nordeste;Paraíba;UFPB;4;3,57;70;3;4,4;4,5;0,65;0,15;0,15;1;4
2019;UFPB;Nordeste;Paraíba;UFPB;4;3,57;70;3;4,4;4,5;0,65;0,15;0,15;1;4
2020;UFPB;Nordeste;Paraíba;UFPB;4;3,57;70;3;4,4;4,5;0,65;0,15;0,15;1;4
2021;UFPB;Nordeste;Paraíba;UFPB;4;3,57;70;3;4,4;4,5;0,65;0,15;0,15;1;4
2022;UFPB;Nordeste;Paraíba;UFPB;4;3,57;70;3;4,4;4,5;0,65;0,15;0,15;1;4
2023;UFPB;Nordeste;Paraíba;UFPB;4;3,57;70;3;4,4;4,5;0,65;0,15;0,15;1;4
2024;UFPB;Nordeste;Paraíba;UFPB;4;3,57;70;3;4,4;4,5;0,65;0,15;0,15;1;4
2013;UFPE;Nordeste;Pernambuco;UFPE;4;3,83;70;3;4,5;4,75;0,55;0,2;0,2;1;4
2014;UFPE;Nordeste;Pernambuco;UFPE;4;3,83;70;3;4,5;4,75;0,55;0,2;0,2;1;4
2015;UFPE;Nordeste;Pernambuco;UFPE;4;3,83;70;3;4,5;4,75;0,55;0,2;0,2;1;4
2016;UFPE;Nordeste;Pernambuco;UFPE;4;3,83;70;3;4,5;4,75;0,55;0,2;0,2;1;4
2017;UFPE;Nordeste;Pernambuco;UFPE;4;3,83;70;3;4,5;4,75;0,55;0,2;0,2;1;4
2018;UFPE;Nordeste;Pernambuco;UFPE;4;3,83;70;3;4,5;4,75;0,55;0,2;0,2;1;4
2019;UFPE;Nordeste;Pernambuco;UFPE;4;3,83;70;3;4,5;4,75;0,55;0,2;0,2;1;4
2020;UFPE;Nordeste;Pernambuco;UFPE;4;3,83;70;3;4,5;4,75;0,55;0,2;0,2;1;4
2021;UFPE;Nordeste;Pernambuco;UFPE;4;3,83;70;3;4,5;4,75;0,55;0,2;0,2;1;4
2022;UFPE;Nordeste;Pernambuco;UFPE;4;3,83;70;3;4,5;4,75;0,55;0,2;0,2;1;4
2023;UFPE;Nordeste;Pernambuco;UFPE;4;3,83;70;3;4,5;4,75;0,55;0,2;0,2;1;4
2024;UFPE;Nordeste;Pernambuco;UFPE;4;3,83;70;3;4,5;4,75;0,55;0,2;0,2;1;4
2013;UFRGS;Sul;Rio Grande do Sul;UFRGS;5;4,3;60;3,25;4,8;4,75;0,35;0,25;0,35;1;5
2014;UFRGS;Sul;Rio Grande do Sul;UFRGS;5;4,3;60;3,25;4,8;4,75;0,35;0,25;0,35;1;5
2015;UFRGS;Sul;Rio Grande do Sul;UFRGS;5;4,3;60;3,25;4,8;4,75;0,35;0,25;0,35;1;5
2016;UFRGS;Sul;Rio Grande do Sul;UFRGS;5;4,3;60;3,25;4,8;4,75;0,35;0,25;0,35;1;5
2017;UFRGS;Sul;Rio Grande do Sul;UFRGS;5;4,3;60;3,25;4,8;4,75;0,35;0,25;0,35;1;5
2018;UFRGS;Sul;Rio Grande do Sul;UFRGS;5;4,3;60;3,25;4,8;4,75;0,35;0,25;0,35;1;5
2019;UFRGS;Sul;Rio Grande do Sul;UFRGS;5;4,3;60;3,25;4,8;4,75;0,35;0,25;0,35;1;5
2020;UFRGS;Sul;Rio Grande do Sul;UFRGS;5;4,3;60;3,25;4,8;4,75;0,35;0,25;0,35;1;5
2021;UFRGS;Sul;Rio Grande do Sul;UFRGS;5;4,3;60;3,25;4,8;4,75;0,35;0,25;0,35;1;5
2022;UFRGS;Sul;Rio Grande do Sul;UFRGS;5;4,3;60;3,25;4,8;4,75;0,35;0,25;0,35;1;5
2023;UFRGS;Sul;Rio Grande do Sul;UFRGS;5;4,3;60;3,25;4,8;4,75;0,35;0,25;0,35;1;5
2024;UFRGS;Sul;Rio Grande do Sul;UFRGS;5;4,3;60;3,25;4,8;4,75;0,35;0,25;0,35;1;5
2013;UFSM;Sul;Rio Grande do Sul;UFSM;4;3,91;80;3,25;4,5;4,75;0,55;0,2;0,15;1;4
2014;UFSM;Sul;Rio Grande do Sul;UFSM;4;3,91;80;3,25;4,5;4,75;0,55;0,2;0,15;1;4
2015;UFSM;Sul;Rio Grande do Sul;UFSM;4;3,91;80;3,25;4,5;4,75;0,55;0,2;0,15;1;4
2016;UFSM;Sul;Rio Grande do Sul;UFSM;4;3,91;80;3,25;4,5;4,75;0,55;0,2;0,15;1;4
2017;UFSM;Sul;Rio Grande do Sul;UFSM;4;3,91;80;3,25;4,5;4,75;0,55;0,2;0,15;1;4
2018;UFSM;Sul;Rio Grande do Sul;UFSM;4;3,91;80;3,25;4,5;4,75;0,55;0,2;0,15;1;4
2019;UFSM;Sul;Rio Grande do Sul;UFSM;4;3,91;80;3,25;4,5;4,75;0,55;0,2;0,15;1;4
2020;UFSM;Sul;Rio Grande do Sul;UFSM;4;3,91;80;3,25;4,5;4,75;0,55;0,2;0,15;1;4
2021;UFSM;Sul;Rio Grande do Sul;UFSM;4;3,91;80;3,25;4,5;4,75;0,55;0,2;0,15;1;4
2022;UFSM;Sul;Rio Grande do Sul;UFSM;4;3,91;80;3,25;4,5;4,75;0,55;0,2;0,15;1;4
2023;UFSM;Sul;Rio Grande do Sul;UFSM;4;3,91;80;3,25;4,5;4,75;0,55;0,2;0,15;1;4
2024;UFSM;Sul;Rio Grande do Sul;UFSM;4;3,91;80;3,25;4,5;4,75;0,55;0,2;0,15;1;4
2013;UFC;Nordeste;Ceará;UFC;4;3,88;80;3,25;4,5;4,75;0,55;0,2;0,2;1;4
2014;UFC;Nordeste;Ceará;UFC;4;3,88;80;3,25;4,5;4,75;0,55;0,2;0,2;1;4
2015;UFC;Nordeste;Ceará;UFC;4;3,88;80;3,25;4,5;4,75;0,55;0,2;0,2;1;4
2016;UFC;Nordeste;Ceará;UFC;4;3,88;80;3,25;4,5;4,75;0,55;0,2;0,2;1;4
2017;UFC;Nordeste;Ceará;UFC;4;3,88;80;3,25;4,5;4,75;0,55;0,2;0,2;1;4
2018;UFC;Nordeste;Ceará;UFC;4;3,88;80;3,25;4,5;4,75;0,55;0,2;0,2;1;4
2019;UFC;Nordeste;Ceará;UFC;4;3,88;80;3,25;4,5;4,75;0,55;0,2;0,2;1;4
2020;UFC;Nordeste;Ceará;UFC;4;3,88;80;3,25;4,5;4,75;0,55;0,2;0,2;1;4
2021;UFC;Nordeste;Ceará;UFC;4;3,88;80;3,25;4,5;4,75;0,55;0,2;0,2;1;4
2022;UFC;Nordeste;Ceará;UFC;4;3,88;80;3,25;4,5;4,75;0,55;0,2;0,2;1;4
2023;UFC;Nordeste;Ceará;UFC;4;3,88;80;3,25;4,5;4,75;0,55;0,2;0,2;1;4
2024;UFC;Nordeste;Ceará;UFC;4;3,88;80;3,25;4,5;4,75;0,55;0,2;0,2;1;4
2013;UFG;Centro-Oeste;Goiás;UFG;4;3,61;110;3;4,4;4,5;0,6;0,2;0,15;1;4
2014;UFG;Centro-Oeste;Goiás;UFG;4;3,61;110;3;4,4;4,5;0,6;0,2;0,15;1;4
2015;UFG;Centro-Oeste;Goiás;UFG;4;3,61;110;3;4,4;4,5;0,6;0,2;0,15;1;4
2016;UFG;Centro-Oeste;Goiás;UFG;4;3,61;110;3;4,4;4,5;0,6;0,2;0,15;1;4
2017;UFG;Centro-Oeste;Goiás;UFG;4;3,61;110;3;4,4;4,5;0,6;0,2;0,15;1;4
2018;UFG;Centro-Oeste;Goiás;UFG;4;3,61;110;3;4,4;4,5;0,6;0,2;0,15;1;4
2019;UFG;Centro-Oeste;Goiás;UFG;4;3,61;110;3;4,4;4,5;0,6;0,2;0,15;1;4
2020;UFG;Centro-Oeste;Goiás;UFG;4;3,61;110;3;4,4;4,5;0,6;0,2;0,15;1;4
2021;UFG;Centro-Oeste;Goiás;UFG;4;3,61;110;3;4,4;4,5;0,6;0,2;0,15;1;4
2022;UFG;Centro-Oeste;Goiás;UFG;4;3,61;110;3;4,4;4,5;0,6;0,2;0,15;1;4
2023;UFG;Centro-Oeste;Goiás;UFG;4;3,61;110;3;4,4;4,5;0,6;0,2;0,15;1;4
2024;UFG;Centro-Oeste;Goiás;UFG;4;3,61;110;3;4,4;4,5;0,6;0,2;0,15;1;4
2013;UFSC;Sul;Santa Catarina;UFSC;5;4,14;80;3,25;4,7;4,75;0,45;0,25;0,25;1;5
2014;UFSC;Sul;Santa Catarina;UFSC;5;4,14;80;3,25;4,7;4,75;0,45;0,25;0,25;1;5
2015;UFSC;Sul;Santa Catarina;UFSC;5;4,14;80;3,25;4,7;4,75;0,45;0,25;0,25;1;5
2016;UFSC;Sul;Santa Catarina;UFSC;5;4,14;80;3,25;4,7;4,75;0,45;0,25;0,25;1;5
2017;UFSC;Sul;Santa Catarina;UFSC;5;4,14;80;3,25;4,7;4,75;0,45;0,25;0,25;1;5
2018;UFSC;Sul;Santa Catarina;UFSC;5;4,14;80;3,25;4,7;4,75;0,45;0,25;0,25;1;5
2019;UFSC;Sul;Santa Catarina;UFSC;5;4,14;80;3,25;4,7;4,75;0,45;0,25;0,25;1;5
2020;UFSC;Sul;Santa Catarina;UFSC;5;4,14;80;3,25;4,7;4,75;0,45;0,25;0,25;1;5
2021;UFSC;Sul;Santa Catarina;UFSC;5;4,14;80;3,25;4,7;4,75;0,45;0,25;0,25;1;5
2022;UFSC;Sul;Santa Catarina;UFSC;5;4,14;80;3,25;4,7;4,75;0,45;0,25;0,25;1;5
2023;UFSC;Sul;Santa Catarina;UFSC;5;4,14;80;3,25;4,7;4,75;0,45;0,25;0,25;1;5
2024;UFSC;Sul;Santa Catarina;UFSC;5;4,14;80;3,25;4,7;4,75;0,45;0,25;0,25;1;5
2013;UFRJ;Sudeste;Rio de Janeiro;UFRJ;5;4,08;80;3;4,7;4,75;0,45;0,2;0,3;1;5
2014;UFRJ;Sudeste;Rio de Janeiro;UFRJ;5;4,08;80;3;4,7;4,75;0,45;0,2;0,3;1;5
2015;UFRJ;Sudeste;Rio de Janeiro;UFRJ;5;4,08;80;3;4,7;4,75;0,45;0,2;0,3;1;5
2016;UFRJ;Sudeste;Rio de Janeiro;UFRJ;5;4,08;80;3;4,7;4,75;0,45;0,2;0,3;1;5
2017;UFRJ;Sudeste;Rio de Janeiro;UFRJ;5;4,08;80;3;4,7;4,75;0,45;0,2;0,3;1;5
2018;UFRJ;Sudeste;Rio de Janeiro;UFRJ;5;4,08;80;3;4,7;4,75;0,45;0,2;0,3;1;5
2019;UFRJ;Sudeste;Rio de Janeiro;UFRJ;5;4,08;80;3;4,7;4,75;0,45;0,2;0,3;1;5
2020;UFRJ;Sudeste;Rio de Janeiro;UFRJ;5;4,08;80;3;4,7;4,75;0,45;0,2;0,3;1;5
2021;UFRJ;Sudeste;Rio de Janeiro;UFRJ;5;4,08;80;3;4,7;4,75;0,45;0,2;0,3;1;5
2022;UFRJ;Sudeste;Rio de Janeiro;UFRJ;5;4,08;80;3;4,7;4,75;0,45;0,2;0,3;1;5
2023;UFRJ;Sudeste;Rio de Janeiro;UFRJ;5;4,08;80;3;4,7;4,75;0,45;0,2;0,3;1;5
2024;UFRJ;Sudeste;Rio de Janeiro;UFRJ;5;4,08;80;3;4,7;4,75;0,45;0,2;0,3;1;5
2013;UFRPE;Nordeste;Pernambuco;UFRPE;4;3,51;40;3;4,4;4,5;0,7;0,1;0,1;1;4
2014;UFRPE;Nordeste;Pernambuco;UFRPE;4;3,51;40;3;4,4;4,5;0,7;0,1;0,1;1;4
2015;UFRPE;Nordeste;Pernambuco;UFRPE;4;3,51;40;3;4,4;4,5;0,7;0,1;0,1;1;4
2016;UFRPE;Nordeste;Pernambuco;UFRPE;4;3,51;40;3;4,4;4,5;0,7;0,1;0,1;1;4
2017;UFRPE;Nordeste;Pernambuco;UFRPE;4;3,51;40;3;4,4;4,5;0,7;0,1;0,1;1;4
2018;UFRPE;Nordeste;Pernambuco;UFRPE;4;3,51;40;3;4,4;4,5;0,7;0,1;0,1;1;4
2019;UFRPE;Nordeste;Pernambuco;UFRPE;4;3,51;40;3;4,4;4,5;0,7;0,1;0,1;1;4
2020;UFRPE;Nordeste;Pernambuco;UFRPE;4;3,51;40;3;4,4;4,5;0,7;0,1;0,1;1;4
2021;UFRPE;Nordeste;Pernambuco;UFRPE;4;3,51;40;3;4,4;4,5;0,7;0,1;0,1;1;4
2022;UFRPE;Nordeste;Pernambuco;UFRPE;4;3,51;40;3;4,4;4,5;0,7;0,1;0,1;1;4
2023;UFRPE;Nordeste;Pernambuco;UFRPE;4;3,51;40;3;4,4;4,5;0,7;0,1;0,1;1;4
2024;UFRPE;Nordeste;Pernambuco;UFRPE;4;3,51;40;3;4,4;4,5;0,7;0,1;0,1;1;4
2013;UTFPR;Sul;Paraná;UTFPR;4;3,49;80;3,25;4,2;4,5;0,8;0,1;0;1;4
2014;UTFPR;Sul;Paraná;UTFPR;4;3,49;80;3,25;4,2;4,5;0,8;0,1;0;1;4
2015;UTFPR;Sul;Paraná;UTFPR;4;3,49;80;3,25;4,2;4,5;0,8;0,1;0;1;4
2016;UTFPR;Sul;Paraná;UTFPR;4;3,49;80;3,25;4,2;4,5;0,8;0,1;0;1;4
2017;UTFPR;Sul;Paraná;UTFPR;4;3,49;80;3,25;4,2;4,5;0,8;0,1;0;1;4
2018;UTFPR;Sul;Paraná;UTFPR;4;3,49;80;3,25;4,2;4,5;0,8;0,1;0;1;4
2019;UTFPR;Sul;Paraná;UTFPR;4;3,49;80;3,25;4,2;4,5;0,8;0,1;0;1;4
2020;UTFPR;Sul;Paraná;UTFPR;4;3,49;80;3,25;4,2;4,5;0,8;0,1;0;1;4
2021;UTFPR;Sul;Paraná;UTFPR;4;3,49;80;3,25;4,2;4,5;0,8;0,1;0;1;4
2022;UTFPR;Sul;Paraná;UTFPR;4;3,49;80;3,25;4,2;4,5;0,8;0,1;0;1;4
2023;UTFPR;Sul;Paraná;UTFPR;4;3,49;80;3,25;4,2;4,5;0,8;0,1;0;1;4
2024;UTFPR;Sul;Paraná;UTFPR;4;3,49;80;3,25;4,2;4,5;0,8;0,1;0;1;4
2013;UFERSA;Nordeste;Rio Grande do Norte;UFERSA;4;3,31;30;3;4,3;4,75;0,8;0,1;0,05;1;4
2014;UFERSA;Nordeste;Rio Grande do Norte;UFERSA;4;3,31;30;3;4,3;4,75;0,8;0,1;0,05;1;4
2015;UFERSA;Nordeste;Rio Grande do Norte;UFERSA;4;3,31;30;3;4,3;4,75;0,8;0,1;0,05;1;4
2016;UFERSA;Nordeste;Rio Grande do Norte;UFERSA;4;3,31;30;3;4,3;4,75;0,8;0,1;0,05;1;4
2017;UFERSA;Nordeste;Rio Grande do Norte;UFERSA;4;3,31;30;3;4,3;4,75;0,8;0,1;0,05;1;4
2018;UFERSA;Nordeste;Rio Grande do Norte;UFERSA;4;3,31;30;3;4,3;4,75;0,8;0,1;0,05;1;4
2019;UFERSA;Nordeste;Rio Grande do Norte;UFERSA;4;3,31;30;3;4,3;4,75;0,8;0,1;0,05;1;4
2020;UFERSA;Nordeste;Rio Grande do Norte;UFERSA;4;3,31;30;3;4,3;4,75;0,8;0,1;0,05;1;4
2021;UFERSA;Nordeste;Rio Grande do Norte;UFERSA;4;3,31;30;3;4,3;4,75;0,8;0,1;0,05;1;4
2022;UFERSA;Nordeste;Rio Grande do Norte;UFERSA;4;3,31;30;3;4,3;4,75;0,8;0,1;0,05;1;4
2023;UFERSA;Nordeste;Rio Grande do Norte;UFERSA;4;3,31;30;3;4,3;4,75;0,8;0,1;0,05;1;4
2024;UFERSA;Nordeste;Rio Grande do Norte;UFERSA;4;3,31;30;3;4,3;4,75;0,8;0,1;0,05;1;4
2013;UFRA;Norte;Pará;UFRA;4;3,1;20;2,75;4,3;4,75;0,85;0,05;0,05;1;4
2014;UFRA;Norte;Pará;UFRA;4;3,1;20;2,75;4,3;4,75;0,85;0,05;0,05;1;4
2015;UFRA;Norte;Pará;UFRA;4;3,1;20;2,75;4,3;4,75;0,85;0,05;0,05;1;4
2016;UFRA;Norte;Pará;UFRA;4;3,1;20;2,75;4,3;4,75;0,85;0,05;0,05;1;4
2017;UFRA;Norte;Pará;UFRA;4;3,1;20;2,75;4,3;4,75;0,85;0,05;0,05;1;4
2018;UFRA;Norte;Pará;UFRA;4;3,1;20;2,75;4,3;4,75;0,85;0,05;0,05;1;4
2019;UFRA;Norte;Pará;UFRA;4;3,1;20;2,75;4,3;4,75;0,85;0,05;0,05;1;4
2020;UFRA;Norte;Pará;UFRA;4;3,1;20;2,75;4,3;4,75;0,85;0,05;0,05;1;4
2021;UFRA;Norte;Pará;UFRA;4;3,1;20;2,75;4,3;4,75;0,85;0,05;0,05;1;4
2022;UFRA;Norte;Pará;UFRA;4;3,1;20;2,75;4,3;4,75;0,85;0,05;0,05;1;4
2023;UFRA;Norte;Pará;UFRA;4;3,1;20;2,75;4,3;4,75;0,85;0,05;0,05;1;4
2024;UFRA;Norte;Pará;UFRA;4;3,1;20;2,75;4,3;4,75;0,85;0,05;0,05;1;4
2013;UNIFESP;Sudeste;São Paulo;UNIFESP;5;4,17;30;3,25;4,5;4,75;0,35;0,3;0,25;1;5
2014;UNIFESP;Sudeste;São Paulo;UNIFESP;5;4,17;30;3,25;4,5;4,75;0,35;0,3;0,25;1;5
2015;UNIFESP;Sudeste;São Paulo;UNIFESP;5;4,17;30;3,25;4,5;4,75;0,35;0,3;0,25;1;5
2016;UNIFESP;Sudeste;São Paulo;UNIFESP;5;4,17;30;3,25;4,5;4,75;0,35;0,3;0,25;1;5
2017;UNIFESP;Sudeste;São Paulo;UNIFESP;5;4,17;30;3,25;4,5;4,75;0,35;0,3;0,25;1;5
2018;UNIFESP;Sudeste;São Paulo;UNIFESP;5;4,17;30;3,25;4,5;4,75;0,35;0,3;0,25;1;5
2019;UNIFESP;Sudeste;São Paulo;UNIFESP;5;4,17;30;3,25;4,5;4,75;0,35;0,3;0,25;1;5
2020;UNIFESP;Sudeste;São Paulo;UNIFESP;5;4,17;30;3,25;4,5;4,75;0,35;0,3;0,25;1;5
2021;UNIFESP;Sudeste;São Paulo;UNIFESP;5;4,17;30;3,25;4,5;4,75;0,35;0,3;0,25;1;5
2022;UNIFESP;Sudeste;São Paulo;UNIFESP;5;4,17;30;3,25;4,5;4,75;0,35;0,3;0,25;1;5
2023;UNIFESP;Sudeste;São Paulo;UNIFESP;5;4,17;30;3,25;4,5;4,75;0,35;0,3;0,25;1;5
2024;UNIFESP;Sudeste;São Paulo;UNIFESP;5;4,17;30;3,25;4,5;4,75;0,35;0,3;0,25;1;5
2013;UFLA;Sudeste;Minas Gerais;UFLA;5;4,05;30;3,5;4,6;4,75;0,55;0,15;0,2;1;5
2014;UFLA;Sudeste;Minas Gerais;UFLA;5;4,05;30;3,5;4,6;4,75;0,55;0,15;0,2;1;5
2015;UFLA;Sudeste;Minas Gerais;UFLA;5;4,05;30;3,5;4,6;4,75;0,55;0,15;0,2;1;5
2016;UFLA;Sudeste;Minas Gerais;UFLA;5;4,05;30;3,5;4,6;4,75;0,55;0,15;0,2;1;5
2017;UFLA;Sudeste;Minas Gerais;UFLA;5;4,05;30;3,5;4,6;4,75;0,55;0,15;0,2;1;5
2018;UFLA;Sudeste;Minas Gerais;UFLA;5;4,05;30;3,5;4,6;4,75;0,55;0,15;0,2;1;5
2019;UFLA;Sudeste;Minas Gerais;UFLA;5;4,05;30;3,5;4,6;4,75;0,55;0,15;0,2;1;5
2020;UFLA;Sudeste;Minas Gerais;UFLA;5;4,05;30;3,5;4,6;4,75;0,55;0,15;0,2;1;5
2021;UFLA;Sudeste;Minas Gerais;UFLA;5;4,05;30;3,5;4,6;4,75;0,55;0,15;0,2;1;5
2022;UFLA;Sudeste;Minas Gerais;UFLA;5;4,05;30;3,5;4,6;4,75;0,55;0,15;0,2;1;5
2023;UFLA;Sudeste;Minas Gerais;UFLA;5;4,05;30;3,5;4,6;4,75;0,55;0,15;0,2;1;5
2024;UFLA;Sudeste;Minas Gerais;UFLA;5;4,05;30;3,5;4,6;4,75;0,55;0,15;0,2;1;5
2013;CEFET-RJ;Sudeste;Rio de Janeiro;CEFET/RJ;4;3,51;20;3,25;4,2;4,5;0,85;0,05;0;1;4
2014;CEFET-RJ;Sudeste;Rio de Janeiro;CEFET/RJ;4;3,51;20;3,25;4,2;4,5;0,85;0,05;0;1;4
2015;CEFET-RJ;Sudeste;Rio de Janeiro;CEFET/RJ;4;3,51;20;3,25;4,2;4,5;0,85;0,05;0;1;4
2016;CEFET-RJ;Sudeste;Rio de Janeiro;CEFET/RJ;4;3,51;20;3,25;4,2;4,5;0,85;0,05;0;1;4
2017;CEFET-RJ;Sudeste;Rio de Janeiro;CEFET/RJ;4;3,51;20;3,25;4,2;4,5;0,85;0,05;0;1;4
2018;CEFET-RJ;Sudeste;Rio de Janeiro;CEFET/RJ;4;3,51;20;3,25;4,2;4,5;0,85;0,05;0;1;4
2019;CEFET-RJ;Sudeste;Rio de Janeiro;CEFET/RJ;4;3,51;20;3,25;4,2;4,5;0,85;0,05;0;1;4
2020;CEFET-RJ;Sudeste;Rio de Janeiro;CEFET/RJ;4;3,51;20;3,25;4,2;4,5;0,85;0,05;0;1;4
2021;CEFET-RJ;Sudeste;Rio de Janeiro;CEFET/RJ;4;3,51;20;3,25;4,2;4,5;0,85;0,05;0;1;4
2022;CEFET-RJ;Sudeste;Rio de Janeiro;CEFET/RJ;4;3,51;20;3,25;4,2;4,5;0,85;0,05;0;1;4
2023;CEFET-RJ;Sudeste;Rio de Janeiro;CEFET/RJ;4;3,51;20;3,25;4,2;4,5;0,85;0,05;0;1;4
2024;CEFET-RJ;Sudeste;Rio de Janeiro;CEFET/RJ;4;3,51;20;3,25;4,2;4,5;0,85;0,05;0;1;4
2013;CEFET-MG;Sudeste;Minas Gerais;CEFET/MG;4;3,51;10;3,25;4,2;4,5;0,75;0,1;0,05;1;4
2014;CEFET-MG;Sudeste;Minas Gerais;CEFET/MG;4;3,51;10;3,25;4,2;4,5;0,75;0,1;0,05;1;4
2015;CEFET-MG;Sudeste;Minas Gerais;CEFET/MG;4;3,51;10;3,25;4,2;4,5;0,75;0,1;0,05;1;4
2016;CEFET-MG;Sudeste;Minas Gerais;CEFET/MG;4;3,51;10;3,25;4,2;4,5;0,75;0,1;0,05;1;4
2017;CEFET-MG;Sudeste;Minas Gerais;CEFET/MG;4;3,51;10;3,25;4,2;4,5;0,75;0,1;0,05;1;4
2018;CEFET-MG;Sudeste;Minas Gerais;CEFET/MG;4;3,51;10;3,25;4,2;4,5;0,75;0,1;0,05;1;4
2019;CEFET-MG;Sudeste;Minas Gerais;CEFET/MG;4;3,51;10;3,25;4,2;4,5;0,75;0,1;0,05;1;4
2020;CEFET-MG;Sudeste;Minas Gerais;CEFET/MG;4;3,51;10;3,25;4,2;4,5;0,75;0,1;0,05;1;4
2021;CEFET-MG;Sudeste;Minas Gerais;CEFET/MG;4;3,51;10;3,25;4,2;4,5;0,75;0,1;0,05;1;4
2022;CEFET-MG;Sudeste;Minas Gerais;CEFET/MG;4;3,51;10;3,25;4,2;4,5;0,75;0,1;0,05;1;4
2023;CEFET-MG;Sudeste;Minas Gerais;CEFET/MG;4;3,51;10;3,25;4,2;4,5;0,75;0,1;0,05;1;4
2024;CEFET-MG;Sudeste;Minas Gerais;CEFET/MG;4;3,51;10;3,25;4,2;4,5;0,75;0,1;0,05;1;4
2013;UNIFAL;Sudeste;Minas Gerais;UNIFAL-MG;4;3,49;20;3,25;4,1;4,25;0,8;0,15;0;1;4
2014;UNIFAL;Sudeste;Minas Gerais;UNIFAL-MG;4;3,49;20;3,25;4,1;4,25;0,8;0,15;0;1;4
2015;UNIFAL;Sudeste;Minas Gerais;UNIFAL-MG;4;3,49;20;3,25;4,1;4,25;0,8;0,15;0;1;4
2016;UNIFAL;Sudeste;Minas Gerais;UNIFAL-MG;4;3,49;20;3,25;4,1;4,25;0,8;0,15;0;1;4
2017;UNIFAL;Sudeste;Minas Gerais;UNIFAL-MG;4;3,49;20;3,25;4,1;4,25;0,8;0,15;0;1;4
2018;UNIFAL;Sudeste;Minas Gerais;UNIFAL-MG;4;3,49;20;3,25;4,1;4,25;0,8;0,15;0;1;4
2019;UNIFAL;Sudeste;Minas Gerais;UNIFAL-MG;4;3,49;20;3,25;4,1;4,25;0,8;0,15;0;1;4
2020;UNIFAL;Sudeste;Minas Gerais;UNIFAL-MG;4;3,49;20;3,25;4,1;4,25;0,8;0,15;0;1;4
2021;UNIFAL;Sudeste;Minas Gerais;UNIFAL-MG;4;3,49;20;3,25;4,1;4,25;0,8;0,15;0;1;4
2022;UNIFAL;Sudeste;Minas Gerais;UNIFAL-MG;4;3,49;20;3,25;4,1;4,25;0,8;0,15;0;1;4
2023;UNIFAL;Sudeste;Minas Gerais;UNIFAL-MG;4;3,49;20;3,25;4,1;4,25;0,8;0,15;0;1;4
2024;UNIFAL;Sudeste;Minas Gerais;UNIFAL-MG;4;3,49;20;3,25;4,1;4,25;0,8;0,15;0;1;4
2013;UFVJM;Sudeste;Minas Gerais;UFVJM;4;3,37;30;3;4,1;4,5;0,8;0,1;0,05;1;4
2014;UFVJM;Sudeste;Minas Gerais;UFVJM;4;3,37;30;3;4,1;4,5;0,8;0,1;0,05;1;4
2015;UFVJM;Sudeste;Minas Gerais;UFVJM;4;3,37;30;3;4,1;4,5;0,8;0,1;0,05;1;4
2016;UFVJM;Sudeste;Minas Gerais;UFVJM;4;3,37;30;3;4,1;4,5;0,8;0,1;0,05;1;4
2017;UFVJM;Sudeste;Minas Gerais;UFVJM;4;3,37;30;3;4,1;4,5;0,8;0,1;0,05;1;4
2018;UFVJM;Sudeste;Minas Gerais;UFVJM;4;3,37;30;3;4,1;4,5;0,8;0,1;0,05;1;4
2019;UFVJM;Sudeste;Minas Gerais;UFVJM;4;3,37;30;3;4,1;4,5;0,8;0,1;0,05;1;4
2020;UFVJM;Sudeste;Minas Gerais;UFVJM;4;3,37;30;3;4,1;4,5;0,8;0,1;0,05;1;4
2021;UFVJM;Sudeste;Minas Gerais;UFVJM;4;3,37;30;3;4,1;4,5;0,8;0,1;0,05;1;4
2022;UFVJM;Sudeste;Minas Gerais;UFVJM;4;3,37;30;3;4,1;4,5;0,8;0,1;0,05;1;4
2023;UFVJM;Sudeste;Minas Gerais;UFVJM;4;3,37;30;3;4,1;4,5;0,8;0,1;0,05;1;4
2024;UFVJM;Sudeste;Minas Gerais;UFVJM;4;3,37;30;3;4,1;4,5;0,8;0,1;0,05;1;4
2013;UFTM;Sudeste;Minas Gerais;UFTM;4;3,55;20;3,25;4,2;4,25;0,8;0,1;0;1;4
2014;UFTM;Sudeste;Minas Gerais;UFTM;4;3,55;20;3,25;4,2;4,25;0,8;0,1;0;1;4
2015;UFTM;Sudeste;Minas Gerais;UFTM;4;3,55;20;3,25;4,2;4,25;0,8;0,1;0;1;4
2016;UFTM;Sudeste;Minas Gerais;UFTM;4;3,55;20;3,25;4,2;4,25;0,8;0,1;0;1;4
2017;UFTM;Sudeste;Minas Gerais;UFTM;4;3,55;20;3,25;4,2;4,25;0,8;0,1;0;1;4
2018;UFTM;Sudeste;Minas Gerais;UFTM;4;3,55;20;3,25;4,2;4,25;0,8;0,1;0;1;4
2019;UFTM;Sudeste;Minas Gerais;UFTM;4;3,55;20;3,25;4,2;4,25;0,8;0,1;0;1;4
2020;UFTM;Sudeste;Minas Gerais;UFTM;4;3,55;20;3,25;4,2;4,25;0,8;0,1;0;1;4
2021;UFTM;Sudeste;Minas Gerais;UFTM;4;3,55;20;3,25;4,2;4,25;0,8;0,1;0;1;4
2022;UFTM;Sudeste;Minas Gerais;UFTM;4;3,55;20;3,25;4,2;4,25;0,8;0,1;0;1;4
2023;UFTM;Sudeste;Minas Gerais;UFTM;4;3,55;20;3,25;4,2;4,25;0,8;0,1;0;1;4
2024;UFTM;Sudeste;Minas Gerais;UFTM;4;3,55;20;3,25;4,2;4,25;0,8;0,1;0;1;4
2013;UNIFEI;Sudeste;Minas Gerais;UNIFEI;4;3,51;30;3,25;4,3;4,5;0,75;0,1;0,05;1;4
2014;UNIFEI;Sudeste;Minas Gerais;UNIFEI;4;3,51;30;3,25;4,3;4,5;0,75;0,1;0,05;1;4
2015;UNIFEI;Sudeste;Minas Gerais;UNIFEI;4;3,51;30;3,25;4,3;4,5;0,75;0,1;0,05;1;4
2016;UNIFEI;Sudeste;Minas Gerais;UNIFEI;4;3,51;30;3,25;4,3;4,5;0,75;0,1;0,05;1;4
2017;UNIFEI;Sudeste;Minas Gerais;UNIFEI;4;3,51;30;3,25;4,3;4,5;0,75;0,1;0,05;1;4
2018;UNIFEI;Sudeste;Minas Gerais;UNIFEI;4;3,51;30;3,25;4,3;4,5;0,75;0,1;0,05;1;4
2019;UNIFEI;Sudeste;Minas Gerais;UNIFEI;4;3,51;30;3,25;4,3;4,5;0,75;0,1;0,05;1;4
2020;UNIFEI;Sudeste;Minas Gerais;UNIFEI;4;3,51;30;3,25;4,3;4,5;0,75;0,1;0,05;1;4
2021;UNIFEI;Sudeste;Minas Gerais;UNIFEI;4;3,51;30;3,25;4,3;4,5;0,75;0,1;0,05;1;4
2022;UNIFEI;Sudeste;Minas Gerais;UNIFEI;4;3,51;30;3,25;4,3;4,5;0,75;0,1;0,05;1;4
2023;UNIFEI;Sudeste;Minas Gerais;UNIFEI;4;3,51;30;3,25;4,3;4,5;0,75;0,1;0,05;1;4
2024;UNIFEI;Sudeste;Minas Gerais;UNIFEI;4;3,51;30;3,25;4,3;4,5;0,75;0,1;0,05;1;4
2013;IFBA;Nordeste;Bahia;IFBA;4;3,07;20;3;4,1;4,5;0,9;0;0;1;4
2014;IFBA;Nordeste;Bahia;IFBA;4;3,07;20;3;4,1;4,5;0,9;0;0;1;4
2015;IFBA;Nordeste;Bahia;IFBA;4;3,07;20;3;4,1;4,5;0,9;0;0;1;4
2016;IFBA;Nordeste;Bahia;IFBA;4;3,07;20;3;4,1;4,5;0,9;0;0;1;4
2017;IFBA;Nordeste;Bahia;IFBA;4;3,07;20;3;4,1;4,5;0,9;0;0;1;4
2018;IFBA;Nordeste;Bahia;IFBA;4;3,07;20;3;4,1;4,5;0,9;0;0;1;4
2019;IFBA;Nordeste;Bahia;IFBA;4;3,07;20;3;4,1;4,5;0,9;0;0;1;4
2020;IFBA;Nordeste;Bahia;IFBA;4;3,07;20;3;4,1;4,5;0,9;0;0;1;4
2021;IFBA;Nordeste;Bahia;IFBA;4;3,07;20;3;4,1;4,5;0,9;0;0;1;4
2022;IFBA;Nordeste;Bahia;IFBA;4;3,07;20;3;4,1;4,5;0,9;0;0;1;4
2023;IFBA;Nordeste;Bahia;IFBA;4;3,07;20;3;4,1;4,5;0,9;0;0;1;4
2024;IFBA;Nordeste;Bahia;IFBA;4;3,07;20;3;4,1;4,5;0,9;0;0;1;4
2013;IFMA;Nordeste;Maranhão;IFMA;3;2,34;30;2,25;4;0;0,95;0;0;1;3
2014;IFMA;Nordeste;Maranhão;IFMA;3;2,34;30;2,25;4;0;0,95;0;0;1;3
2015;IFMA;Nordeste;Maranhão;IFMA;3;2,34;30;2,25;4;0;0,95;0;0;1;3
2016;IFMA;Nordeste;Maranhão;IFMA;3;2,34;30;2,25;4;0;0,95;0;0;1;3
2017;IFMA;Nordeste;Maranhão;IFMA;3;2,34;30;2,25;4;0;0,95;0;0;1;3
2018;IFMA;Nordeste;Maranhão;IFMA;3;2,34;30;2,25;4;0;0,95;0;0;1;3
2019;IFMA;Nordeste;Maranhão;IFMA;3;2,34;30;2,25;4;0;0,95;0;0;1;3
2020;IFMA;Nordeste;Maranhão;IFMA;3;2,34;30;2,25;4;0;0,95;0;0;1;3
2021;IFMA;Nordeste;Maranhão;IFMA;3;2,34;30;2,25;4;0;0,95;0;0;1;3
2022;IFMA;Nordeste;Maranhão;IFMA;3;2,34;30;2,25;4;0;0,95;0;0;1;3
2023;IFMA;Nordeste;Maranhão;IFMA;3;2,34;30;2,25;4;0;0,95;0;0;1;3
2024;IFMA;Nordeste;Maranhão;IFMA;3;2,34;30;2,25;4;0;0,95;0;0;1;3
2013;IFRS;Sul;Rio Grande do Sul;IFRS;4;3,27;30;3;4;0;0,9;0,05;0;1;4
2014;IFRS;Sul;Rio Grande do Sul;IFRS;4;3,27;30;3;4;0;0,9;0,05;0;1;4
2015;IFRS;Sul;Rio Grande do Sul;IFRS;4;3,27;30;3;4;0;0,9;0,05;0;1;4
2016;IFRS;Sul;Rio Grande do Sul;IFRS;4;3,27;30;3;4;0;0,9;0,05;0;1;4
2017;IFRS;Sul;Rio Grande do Sul;IFRS;4;3,27;30;3;4;0;0,9;0,05;0;1;4
2018;IFRS;Sul;Rio Grande do Sul;IFRS;4;3,27;30;3;4;0;0,9;0,05;0;1;4
2019;IFRS;Sul;Rio Grande do Sul;IFRS;4;3,27;30;3;4;0;0,9;0,05;0;1;4
2020;IFRS;Sul;Rio Grande do Sul;IFRS;4;3,27;30;3;4;0;0,9;0,05;0;1;4
2021;IFRS;Sul;Rio Grande do Sul;IFRS;4;3,27;30;3;4;0;0,9;0,05;0;1;4
2022;IFRS;Sul;Rio Grande do Sul;IFRS;4;3,27;30;3;4;0;0,9;0,05;0;1;4
2023;IFRS;Sul;Rio Grande do Sul;IFRS;4;3,27;30;3;4;0;0,9;0,05;0;1;4
2024;IFRS;Sul;Rio Grande do Sul;IFRS;4;3,27;30;3;4;0;0,9;0,05;0;1;4
2013;UFPEL;Sul;Rio Grande do Sul;UFPEL;4;3,62;60;3;4,5;4,75;0,65;0,15;0,15;1;4
2014;UFPEL;Sul;Rio Grande do Sul;UFPEL;4;3,62;60;3;4,5;4,75;0,65;0,15;0,15;1;4
2015;UFPEL;Sul;Rio Grande do Sul;UFPEL;4;3,62;60;3;4,5;4,75;0,65;0,15;0,15;1;4
2016;UFPEL;Sul;Rio Grande do Sul;UFPEL;4;3,62;60;3;4,5;4,75;0,65;0,15;0,15;1;4
2017;UFPEL;Sul;Rio Grande do Sul;UFPEL;4;3,62;60;3;4,5;4,75;0,65;0,15;0,15;1;4
2018;UFPEL;Sul;Rio Grande do Sul;UFPEL;4;3,62;60;3;4,5;4,75;0,65;0,15;0,15;1;4
2019;UFPEL;Sul;Rio Grande do Sul;UFPEL;4;3,62;60;3;4,5;4,75;0,65;0,15;0,15;1;4
2020;UFPEL;Sul;Rio Grande do Sul;UFPEL;4;3,62;60;3;4,5;4,75;0,65;0,15;0,15;1;4
2021;UFPEL;Sul;Rio Grande do Sul;UFPEL;4;3,62;60;3;4,5;4,75;0,65;0,15;0,15;1;4
2022;UFPEL;Sul;Rio Grande do Sul;UFPEL;4;3,62;60;3;4,5;4,75;0,65;0,15;0,15;1;4
2023;UFPEL;Sul;Rio Grande do Sul;UFPEL;4;3,62;60;3;4,5;4,75;0,65;0,15;0,15;1;4
2024;UFPEL;Sul;Rio Grande do Sul;UFPEL;4;3,62;60;3;4,5;4,75;0,65;0,15;0,15;1;4
2013;UNIRIO;Sudeste;Rio de Janeiro;UNIRIO;4;3,55;20;3;4,4;4,5;0,7;0,15;0,1;1;4
2014;UNIRIO;Sudeste;Rio de Janeiro;UNIRIO;4;3,55;20;3;4,4;4,5;0,7;0,15;0,1;1;4
2015;UNIRIO;Sudeste;Rio de Janeiro;UNIRIO;4;3,55;20;3;4,4;4,5;0,7;0,15;0,1;1;4
2016;UNIRIO;Sudeste;Rio de Janeiro;UNIRIO;4;3,55;20;3;4,4;4,5;0,7;0,15;0,1;1;4
2017;UNIRIO;Sudeste;Rio de Janeiro;UNIRIO;4;3,55;20;3;4,4;4,5;0,7;0,15;0,1;1;4
2018;UNIRIO;Sudeste;Rio de Janeiro;UNIRIO;4;3,55;20;3;4,4;4,5;0,7;0,15;0,1;1;4
2019;UNIRIO;Sudeste;Rio de Janeiro;UNIRIO;4;3,55;20;3;4,4;4,5;0,7;0,15;0,1;1;4
2020;UNIRIO;Sudeste;Rio de Janeiro;UNIRIO;4;3,55;20;3;4,4;4,5;0,7;0,15;0,1;1;4
2021;UNIRIO;Sudeste;Rio de Janeiro;UNIRIO;4;3,55;20;3;4,4;4,5;0,7;0,15;0,1;1;4
2022;UNIRIO;Sudeste;Rio de Janeiro;UNIRIO;4;3,55;20;3;4,4;4,5;0,7;0,15;0,1;1;4
2023;UNIRIO;Sudeste;Rio de Janeiro;UNIRIO;4;3,55;20;3;4,4;4,5;0,7;0,15;0,1;1;4
2024;UNIRIO;Sudeste;Rio de Janeiro;UNIRIO;4;3,55;20;3;4,4;4,5;0,7;0,15;0,1;1;4
2013;UFMS;Centro-Oeste;Mato Grosso do Sul;UFMS;4;3,29;110;2,75;4,3;4,5;0,75;0,1;0,05;1;4
2014;UFMS;Centro-Oeste;Mato Grosso do Sul;UFMS;4;3,29;110;2,75;4,3;4,5;0,75;0,1;0,05;1;4
2015;UFMS;Centro-Oeste;Mato Grosso do Sul;UFMS;4;3,29;110;2,75;4,3;4,5;0,75;0,1;0,05;1;4
2016;UFMS;Centro-Oeste;Mato Grosso do Sul;UFMS;4;3,29;110;2,75;4,3;4,5;0,75;0,1;0,05;1;4
2017;UFMS;Centro-Oeste;Mato Grosso do Sul;UFMS;4;3,29;110;2,75;4,3;4,5;0,75;0,1;0,05;1;4
2018;UFMS;Centro-Oeste;Mato Grosso do Sul;UFMS;4;3,29;110;2,75;4,3;4,5;0,75;0,1;0,05;1;4
2019;UFMS;Centro-Oeste;Mato Grosso do Sul;UFMS;4;3,29;110;2,75;4,3;4,5;0,75;0,1;0,05;1;4
2020;UFMS;Centro-Oeste;Mato Grosso do Sul;UFMS;4;3,29;110;2,75;4,3;4,5;0,75;0,1;0,05;1;4
2021;UFMS;Centro-Oeste;Mato Grosso do Sul;UFMS;4;3,29;110;2,75;4,3;4,5;0,75;0,1;0,05;1;4
2022;UFMS;Centro-Oeste;Mato Grosso do Sul;UFMS;4;3,29;110;2,75;4,3;4,5;0,75;0,1;0,05;1;4
2023;UFMS;Centro-Oeste;Mato Grosso do Sul;UFMS;4;3,29;110;2,75;4,3;4,5;0,75;0,1;0,05;1;4
2024;UFMS;Centro-Oeste;Mato Grosso do Sul;UFMS;4;3,29;110;2,75;4,3;4,5;0,75;0,1;0,05;1;4
2013;UNIR;Norte;Rondônia;UNIR;3;2,85;50;2,5;4,2;4,5;0,85;0,1;0;1;3
2014;UNIR;Norte;Rondônia;UNIR;3;2,85;50;2,5;4,2;4,5;0,85;0,1;0;1;3
2015;UNIR;Norte;Rondônia;UNIR;3;2,85;50;2,5;4,2;4,5;0,85;0,1;0;1;3
2016;UNIR;Norte;Rondônia;UNIR;3;2,85;50;2,5;4,2;4,5;0,85;0,1;0;1;3
2017;UNIR;Norte;Rondônia;UNIR;3;2,85;50;2,5;4,2;4,5;0,85;0,1;0;1;3
2018;UNIR;Norte;Rondônia;UNIR;3;2,85;50;2,5;4,2;4,5;0,85;0,1;0;1;3
2019;UNIR;Norte;Rondônia;UNIR;3;2,85;50;2,5;4,2;4,5;0,85;0,1;0;1;3
2020;UNIR;Norte;Rondônia;UNIR;3;2,85;50;2,5;4,2;4,5;0,85;0,1;0;1;3
2021;UNIR;Norte;Rondônia;UNIR;3;2,85;50;2,5;4,2;4,5;0,85;0,1;0;1;3
2022;UNIR;Norte;Rondônia;UNIR;3;2,85;50;2,5;4,2;4,5;0,85;0,1;0;1;3
2023;UNIR;Norte;Rondônia;UNIR;3;2,85;50;2,5;4,2;4,5;0,85;0,1;0;1;3
2024;UNIR;Norte;Rondônia;UNIR;3;2,85;50;2,5;4,2;4,5;0,85;0,1;0;1;3
2013;UFCSPA;Sul;Rio Grande do Sul;UFCSPA;5;4,03;10;3,5;4,3;4,75;0,55;0,25;0,15;1;5
2014;UFCSPA;Sul;Rio Grande do Sul;UFCSPA;5;4,03;10;3,5;4,3;4,75;0,55;0,25;0,15;1;5
2015;UFCSPA;Sul;Rio Grande do Sul;UFCSPA;5;4,03;10;3,5;4,3;4,75;0,55;0,25;0,15;1;5
2016;UFCSPA;Sul;Rio Grande do Sul;UFCSPA;5;4,03;10;3,5;4,3;4,75;0,55;0,25;0,15;1;5
2017;UFCSPA;Sul;Rio Grande do Sul;UFCSPA;5;4,03;10;3,5;4,3;4,75;0,55;0,25;0,15;1;5
2018;UFCSPA;Sul;Rio Grande do Sul;UFCSPA;5;4,03;10;3,5;4,3;4,75;0,55;0,25;0,15;1;5
2019;UFCSPA;Sul;Rio Grande do Sul;UFCSPA;5;4,03;10;3,5;4,3;4,75;0,55;0,25;0,15;1;5
2020;UFCSPA;Sul;Rio Grande do Sul;UFCSPA;5;4,03;10;3,5;4,3;4,75;0,55;0,25;0,15;1;5
2021;UFCSPA;Sul;Rio Grande do Sul;UFCSPA;5;4,03;10;3,5;4,3;4,75;0,55;0,25;0,15;1;5
2022;UFCSPA;Sul;Rio Grande do Sul;UFCSPA;5;4,03;10;3,5;4,3;4,75;0,55;0,25;0,15;1;5
2023;UFCSPA;Sul;Rio Grande do Sul;UFCSPA;5;4,03;10;3,5;4,3;4,75;0,55;0,25;0,15;1;5
2024;UFCSPA;Sul;Rio Grande do Sul;UFCSPA;5;4,03;10;3,5;4,3;4,75;0,55;0,25;0,15;1;5
2013;UFRR;Norte;Roraima;UFRR;4;3,03;20;2,75;4,2;4,5;0,85;0,05;0;1;4
2014;UFRR;Norte;Roraima;UFRR;4;3,03;20;2,75;4,2;4,5;0,85;0,05;0;1;4
2015;UFRR;Norte;Roraima;UFRR;4;3,03;20;2,75;4,2;4,5;0,85;0,05;0;1;4
2016;UFRR;Norte;Roraima;UFRR;4;3,03;20;2,75;4,2;4,5;0,85;0,05;0;1;4
2017;UFRR;Norte;Roraima;UFRR;4;3,03;20;2,75;4,2;4,5;0,85;0,05;0;1;4
2018;UFRR;Norte;Roraima;UFRR;4;3,03;20;2,75;4,2;4,5;0,85;0,05;0;1;4
2019;UFRR;Norte;Roraima;UFRR;4;3,03;20;2,75;4,2;4,5;0,85;0,05;0;1;4
2020;UFRR;Norte;Roraima;UFRR;4;3,03;20;2,75;4,2;4,5;0,85;0,05;0;1;4
2021;UFRR;Norte;Roraima;UFRR;4;3,03;20;2,75;4,2;4,5;0,85;0,05;0;1;4
2022;UFRR;Norte;Roraima;UFRR;4;3,03;20;2,75;4,2;4,5;0,85;0,05;0;1;4
2023;UFRR;Norte;Roraima;UFRR;4;3,03;20;2,75;4,2;4,5;0,85;0,05;0;1;4
2024;UFRR;Norte;Roraima;UFRR;4;3,03;20;2,75;4,2;4,5;0,85;0,05;0;1;4
2013;UNIFAP;Norte;Amapá;UNIFAP;3;2,62;30;2,25;4,1;4,5;0,9;0,05;0;1;3
2014;UNIFAP;Norte;Amapá;UNIFAP;3;2,62;30;2,25;4,1;4,5;0,9;0,05;0;1;3
2015;UNIFAP;Norte;Amapá;UNIFAP;3;2,62;30;2,25;4,1;4,5;0,9;0,05;0;1;3
2016;UNIFAP;Norte;Amapá;UNIFAP;3;2,62;30;2,25;4,1;4,5;0,9;0,05;0;1;3
2017;UNIFAP;Norte;Amapá;UNIFAP;3;2,62;30;2,25;4,1;4,5;0,9;0,05;0;1;3
2018;UNIFAP;Norte;Amapá;UNIFAP;3;2,62;30;2,25;4,1;4,5;0,9;0,05;0;1;3
2019;UNIFAP;Norte;Amapá;UNIFAP;3;2,62;30;2,25;4,1;4,5;0,9;0,05;0;1;3
2020;UNIFAP;Norte;Amapá;UNIFAP;3;2,62;30;2,25;4,1;4,5;0,9;0,05;0;1;3
2021;UNIFAP;Norte;Amapá;UNIFAP;3;2,62;30;2,25;4,1;4,5;0,9;0,05;0;1;3
2022;UNIFAP;Norte;Amapá;UNIFAP;3;2,62;30;2,25;4,1;4,5;0,9;0,05;0;1;3
2023;UNIFAP;Norte;Amapá;UNIFAP;3;2,62;30;2,25;4,1;4,5;0,9;0,05;0;1;3
2024;UNIFAP;Norte;Amapá;UNIFAP;3;2,62;30;2,25;4,1;4,5;0,9;0,05;0;1;3
2013;IFRN;Nordeste;Rio Grande do Norte;IFRN;4;3;20;2,75;4,1;4,5;0,85;0,05;0;1;4
2014;IFRN;Nordeste;Rio Grande do Norte;IFRN;4;3;20;2,75;4,1;4,5;0,85;0,05;0;1;4
2015;IFRN;Nordeste;Rio Grande do Norte;IFRN;4;3;20;2,75;4,1;4,5;0,85;0,05;0;1;4
2016;IFRN;Nordeste;Rio Grande do Norte;IFRN;4;3;20;2,75;4,1;4,5;0,85;0,05;0;1;4
2017;IFRN;Nordeste;Rio Grande do Norte;IFRN;4;3;20;2,75;4,1;4,5;0,85;0,05;0;1;4
2018;IFRN;Nordeste;Rio Grande do Norte;IFRN;4;3;20;2,75;4,1;4,5;0,85;0,05;0;1;4
2019;IFRN;Nordeste;Rio Grande do Norte;IFRN;4;3;20;2,75;4,1;4,5;0,85;0,05;0;1;4
2020;IFRN;Nordeste;Rio Grande do Norte;IFRN;4;3;20;2,75;4,1;4,5;0,85;0,05;0;1;4
2021;IFRN;Nordeste;Rio Grande do Norte;IFRN;4;3;20;2,75;4,1;4,5;0,85;0,05;0;1;4
2022;IFRN;Nordeste;Rio Grande do Norte;IFRN;4;3;20;2,75;4,1;4,5;0,85;0,05;0;1;4
2023;IFRN;Nordeste;Rio Grande do Norte;IFRN;4;3;20;2,75;4,1;4,5;0,85;0,05;0;1;4
2024;IFRN;Nordeste;Rio Grande do Norte;IFRN;4;3;20;2,75;4,1;4,5;0,85;0,05;0;1;4
2013;IFF;Sudeste;Rio de Janeiro;IF Fluminense;3;2,92;10;2,75;4,1;0;0,85;0,1;0;1;3
2014;IFF;Sudeste;Rio de Janeiro;IF Fluminense;3;2,92;10;2,75;4,1;0;0,85;0,1;0;1;3
2015;IFF;Sudeste;Rio de Janeiro;IF Fluminense;3;2,92;10;2,75;4,1;0;0,85;0,1;0;1;3
2016;IFF;Sudeste;Rio de Janeiro;IF Fluminense;3;2,92;10;2,75;4,1;0;0,85;0,1;0;1;3
2017;IFF;Sudeste;Rio de Janeiro;IF Fluminense;3;2,92;10;2,75;4,1;0;0,85;0,1;0;1;3
2018;IFF;Sudeste;Rio de Janeiro;IF Fluminense;3;2,92;10;2,75;4,1;0;0,85;0,1;0;1;3
2019;IFF;Sudeste;Rio de Janeiro;IF Fluminense;3;2,92;10;2,75;4,1;0;0,85;0,1;0;1;3
2020;IFF;Sudeste;Rio de Janeiro;IF Fluminense;3;2,92;10;2,75;4,1;0;0,85;0,1;0;1;3
2021;IFF;Sudeste;Rio de Janeiro;IF Fluminense;3;2,92;10;2,75;4,1;0;0,85;0,1;0;1;3
2022;IFF;Sudeste;Rio de Janeiro;IF Fluminense;3;2,92;10;2,75;4,1;0;0,85;0,1;0;1;3
2023;IFF;Sudeste;Rio de Janeiro;IF Fluminense;3;2,92;10;2,75;4,1;0;0,85;0,1;0;1;3
2024;IFF;Sudeste;Rio de Janeiro;IF Fluminense;3;2,92;10;2,75;4,1;0;0,85;0,1;0;1;3
2013;IFPB;Nordeste;Paraíba;IFPB;3;2,94;20;2,75;4;0;0,95;0;0;1;3
2014;IFPB;Nordeste;Paraíba;IFPB;3;2,94;20;2,75;4;0;0,95;0;0;1;3
2015;IFPB;Nordeste;Paraíba;IFPB;3;2,94;20;2,75;4;0;0,95;0;0;1;3
2016;IFPB;Nordeste;Paraíba;IFPB;3;2,94;20;2,75;4;0;0,95;0;0;1;3
2017;IFPB;Nordeste;Paraíba;IFPB;3;2,94;20;2,75;4;0;0,95;0;0;1;3
2018;IFPB;Nordeste;Paraíba;IFPB;3;2,94;20;2,75;4;0;0,95;0;0;1;3
2019;IFPB;Nordeste;Paraíba;IFPB;3;2,94;20;2,75;4;0;0,95;0;0;1;3
2020;IFPB;Nordeste;Paraíba;IFPB;3;2,94;20;2,75;4;0;0,95;0;0;1;3
2021;IFPB;Nordeste;Paraíba;IFPB;3;2,94;20;2,75;4;0;0,95;0;0;1;3
2022;IFPB;Nordeste;Paraíba;IFPB;3;2,94;20;2,75;4;0;0,95;0;0;1;3
2023;IFPB;Nordeste;Paraíba;IFPB;3;2,94;20;2,75;4;0;0,95;0;0;1;3
2024;IFPB;Nordeste;Paraíba;IFPB;3;2,94;20;2,75;4;0;0,95;0;0;1;3
2013;IFGoiano;Centro-Oeste;Goiás;IF Goiano;4;3,23;20;2,75;4,1;4,75;0,75;0,15;0;1;4
2014;IFGoiano;Centro-Oeste;Goiás;IF Goiano;4;3,23;20;2,75;4,1;4,75;0,75;0,15;0;1;4
2015;IFGoiano;Centro-Oeste;Goiás;IF Goiano;4;3,23;20;2,75;4,1;4,75;0,75;0,15;0;1;4
2016;IFGoiano;Centro-Oeste;Goiás;IF Goiano;4;3,23;20;2,75;4,1;4,75;0,75;0,15;0;1;4
2017;IFGoiano;Centro-Oeste;Goiás;IF Goiano;4;3,23;20;2,75;4,1;4,75;0,75;0,15;0;1;4
2018;IFGoiano;Centro-Oeste;Goiás;IF Goiano;4;3,23;20;2,75;4,1;4,75;0,75;0,15;0;1;4
2019;IFGoiano;Centro-Oeste;Goiás;IF Goiano;4;3,23;20;2,75;4,1;4,75;0,75;0,15;0;1;4
2020;IFGoiano;Centro-Oeste;Goiás;IF Goiano;4;3,23;20;2,75;4,1;4,75;0,75;0,15;0;1;4
2021;IFGoiano;Centro-Oeste;Goiás;IF Goiano;4;3,23;20;2,75;4,1;4,75;0,75;0,15;0;1;4
2022;IFGoiano;Centro-Oeste;Goiás;IF Goiano;4;3,23;20;2,75;4,1;4,75;0,75;0,15;0;1;4
2023;IFGoiano;Centro-Oeste;Goiás;IF Goiano;4;3,23;20;2,75;4,1;4,75;0,75;0,15;0;1;4
2024;IFGoiano;Centro-Oeste;Goiás;IF Goiano;4;3,23;20;2,75;4,1;4,75;0,75;0,15;0;1;4
2013;IFSUL;Sul;Rio Grande do Sul;IFSul;4;3,27;10;3;4,1;0;0,85;0,1;0;1;4
2014;IFSUL;Sul;Rio Grande do Sul;IFSul;4;3,27;10;3;4,1;0;0,85;0,1;0;1;4
2015;IFSUL;Sul;Rio Grande do Sul;IFSul;4;3,27;10;3;4,1;0;0,85;0,1;0;1;4
2016;IFSUL;Sul;Rio Grande do Sul;IFSul;4;3,27;10;3;4,1;0;0,85;0,1;0;1;4
2017;IFSUL;Sul;Rio Grande do Sul;IFSul;4;3,27;10;3;4,1;0;0,85;0,1;0;1;4
2018;IFSUL;Sul;Rio Grande do Sul;IFSul;4;3,27;10;3;4,1;0;0,85;0,1;0;1;4
2019;IFSUL;Sul;Rio Grande do Sul;IFSul;4;3,27;10;3;4,1;0;0,85;0,1;0;1;4
2020;IFSUL;Sul;Rio Grande do Sul;IFSul;4;3,27;10;3;4,1;0;0,85;0,1;0;1;4
2021;IFSUL;Sul;Rio Grande do Sul;IFSul;4;3,27;10;3;4,1;0;0,85;0,1;0;1;4
2022;IFSUL;Sul;Rio Grande do Sul;IFSul;4;3,27;10;3;4,1;0;0,85;0,1;0;1;4
2023;IFSUL;Sul;Rio Grande do Sul;IFSul;4;3,27;10;3;4,1;0;0,85;0,1;0;1;4
2024;IFSUL;Sul;Rio Grande do Sul;IFSul;4;3,27;10;3;4,1;0;0,85;0,1;0;1;4
2013;IFCE;Nordeste;Ceará;IFCE;3;2,85;40;2,75;4;0;0,9;0,05;0;1;3
2014;IFCE;Nordeste;Ceará;IFCE;3;2,85;40;2,75;4;0;0,9;0,05;0;1;3
2015;IFCE;Nordeste;Ceará;IFCE;3;2,85;40;2,75;4;0;0,9;0,05;0;1;3
2016;IFCE;Nordeste;Ceará;IFCE;3;2,85;40;2,75;4;0;0,9;0,05;0;1;3
2017;IFCE;Nordeste;Ceará;IFCE;3;2,85;40;2,75;4;0;0,9;0,05;0;1;3
2018;IFCE;Nordeste;Ceará;IFCE;3;2,85;40;2,75;4;0;0,9;0,05;0;1;3
2019;IFCE;Nordeste;Ceará;IFCE;3;2,85;40;2,75;4;0;0,9;0,05;0;1;3
2020;IFCE;Nordeste;Ceará;IFCE;3;2,85;40;2,75;4;0;0,9;0,05;0;1;3
2021;IFCE;Nordeste;Ceará;IFCE;3;2,85;40;2,75;4;0;0,9;0,05;0;1;3
2022;IFCE;Nordeste;Ceará;IFCE;3;2,85;40;2,75;4;0;0,9;0,05;0;1;3
2023;IFCE;Nordeste;Ceará;IFCE;3;2,85;40;2,75;4;0;0,9;0,05;0;1;3
2024;IFCE;Nordeste;Ceará;IFCE;3;2,85;40;2,75;4;0;0,9;0,05;0;1;3
2013;IFES;Sudeste;Espírito Santo;IFES;4;3,04;30;2,75;4,1;0;0,85;0,1;0;1;4
2014;IFES;Sudeste;Espírito Santo;IFES;4;3,04;30;2,75;4,1;0;0,85;0,1;0;1;4
2015;IFES;Sudeste;Espírito Santo;IFES;4;3,04;30;2,75;4,1;0;0,85;0,1;0;1;4
2016;IFES;Sudeste;Espírito Santo;IFES;4;3,04;30;2,75;4,1;0;0,85;0,1;0;1;4
2017;IFES;Sudeste;Espírito Santo;IFES;4;3,04;30;2,75;4,1;0;0,85;0,1;0;1;4
2018;IFES;Sudeste;Espírito Santo;IFES;4;3,04;30;2,75;4,1;0;0,85;0,1;0;1;4
2019;IFES;Sudeste;Espírito Santo;IFES;4;3,04;30;2,75;4,1;0;0,85;0,1;0;1;4
2020;IFES;Sudeste;Espírito Santo;IFES;4;3,04;30;2,75;4,1;0;0,85;0,1;0;1;4
2021;IFES;Sudeste;Espírito Santo;IFES;4;3,04;30;2,75;4,1;0;0,85;0,1;0;1;4
2022;IFES;Sudeste;Espírito Santo;IFES;4;3,04;30;2,75;4,1;0;0,85;0,1;0;1;4
2023;IFES;Sudeste;Espírito Santo;IFES;4;3,04;30;2,75;4,1;0;0,85;0,1;0;1;4
2024;IFES;Sudeste;Espírito Santo;IFES;4;3,04;30;2,75;4,1;0;0,85;0,1;0;1;4
2013;IFPE;Nordeste;Pernambuco;IFPE;3;2,66;10;2,5;4;0;0,95;0;0;1;3
2014;IFPE;Nordeste;Pernambuco;IFPE;3;2,66;10;2,5;4;0;0,95;0;0;1;3
2015;IFPE;Nordeste;Pernambuco;IFPE;3;2,66;10;2,5;4;0;0,95;0;0;1;3
2016;IFPE;Nordeste;Pernambuco;IFPE;3;2,66;10;2,5;4;0;0,95;0;0;1;3
2017;IFPE;Nordeste;Pernambuco;IFPE;3;2,66;10;2,5;4;0;0,95;0;0;1;3
2018;IFPE;Nordeste;Pernambuco;IFPE;3;2,66;10;2,5;4;0;0,95;0;0;1;3
2019;IFPE;Nordeste;Pernambuco;IFPE;3;2,66;10;2,5;4;0;0,95;0;0;1;3
2020;IFPE;Nordeste;Pernambuco;IFPE;3;2,66;10;2,5;4;0;0,95;0;0;1;3
2021;IFPE;Nordeste;Pernambuco;IFPE;3;2,66;10;2,5;4;0;0,95;0;0;1;3
2022;IFPE;Nordeste;Pernambuco;IFPE;3;2,66;10;2,5;4;0;0,95;0;0;1;3
2023;IFPE;Nordeste;Pernambuco;IFPE;3;2,66;10;2,5;4;0;0,95;0;0;1;3
2024;IFPE;Nordeste;Pernambuco;IFPE;3;2,66;10;2,5;4;0;0,95;0;0;1;3
2013;IFSP;Sudeste;São Paulo;IFSP;4;3,09;50;3;4,1;0;0,95;0;0;1;4
2014;IFSP;Sudeste;São Paulo;IFSP;4;3,09;50;3;4,1;0;0,95;0;0;1;4
2015;IFSP;Sudeste;São Paulo;IFSP;4;3,09;50;3;4,1;0;0,95;0;0;1;4
2016;IFSP;Sudeste;São Paulo;IFSP;4;3,09;50;3;4,1;0;0,95;0;0;1;4
2017;IFSP;Sudeste;São Paulo;IFSP;4;3,09;50;3;4,1;0;0,95;0;0;1;4
2018;IFSP;Sudeste;São Paulo;IFSP;4;3,09;50;3;4,1;0;0,95;0;0;1;4
2019;IFSP;Sudeste;São Paulo;IFSP;4;3,09;50;3;4,1;0;0,95;0;0;1;4
2020;IFSP;Sudeste;São Paulo;IFSP;4;3,09;50;3;4,1;0;0,95;0;0;1;4
2021;IFSP;Sudeste;São Paulo;IFSP;4;3,09;50;3;4,1;0;0,95;0;0;1;4
2022;IFSP;Sudeste;São Paulo;IFSP;4;3,09;50;3;4,1;0;0,95;0;0;1;4
2023;IFSP;Sudeste;São Paulo;IFSP;4;3,09;50;3;4,1;0;0,95;0;0;1;4
2024;IFSP;Sudeste;São Paulo;IFSP;4;3,09;50;3;4,1;0;0,95;0;0;1;4
2013;IFG;Centro-Oeste;Goiás;IFG;3;2,89;30;2,75;4,2;0;0,95;0;0;1;3
2014;IFG;Centro-Oeste;Goiás;IFG;3;2,89;30;2,75;4,2;0;0,95;0;0;1;3
2015;IFG;Centro-Oeste;Goiás;IFG;3;2,89;30;2,75;4,2;0;0,95;0;0;1;3
2016;IFG;Centro-Oeste;Goiás;IFG;3;2,89;30;2,75;4,2;0;0,95;0;0;1;3
2017;IFG;Centro-Oeste;Goiás;IFG;3;2,89;30;2,75;4,2;0;0,95;0;0;1;3
2018;IFG;Centro-Oeste;Goiás;IFG;3;2,89;30;2,75;4,2;0;0,95;0;0;1;3
2019;IFG;Centro-Oeste;Goiás;IFG;3;2,89;30;2,75;4,2;0;0,95;0;0;1;3
2020;IFG;Centro-Oeste;Goiás;IFG;3;2,89;30;2,75;4,2;0;0,95;0;0;1;3
2021;IFG;Centro-Oeste;Goiás;IFG;3;2,89;30;2,75;4,2;0;0,95;0;0;1;3
2022;IFG;Centro-Oeste;Goiás;IFG;3;2,89;30;2,75;4,2;0;0,95;0;0;1;3
2023;IFG;Centro-Oeste;Goiás;IFG;3;2,89;30;2,75;4,2;0;0,95;0;0;1;3
2024;IFG;Centro-Oeste;Goiás;IFG;3;2,89;30;2,75;4,2;0;0,95;0;0;1;3
2013;IFAM;Norte;Amazonas;IFAM;3;2,84;10;2,5;4,2;0;0,85;0,1;0;1;3
2014;IFAM;Norte;Amazonas;IFAM;3;2,84;10;2,5;4,2;0;0,85;0,1;0;1;3
2015;IFAM;Norte;Amazonas;IFAM;3;2,84;10;2,5;4,2;0;0,85;0,1;0;1;3
2016;IFAM;Norte;Amazonas;IFAM;3;2,84;10;2,5;4,2;0;0,85;0,1;0;1;3
2017;IFAM;Norte;Amazonas;IFAM;3;2,84;10;2,5;4,2;0;0,85;0,1;0;1;3
2018;IFAM;Norte;Amazonas;IFAM;3;2,84;10;2,5;4,2;0;0,85;0,1;0;1;3
2019;IFAM;Norte;Amazonas;IFAM;3;2,84;10;2,5;4,2;0;0,85;0,1;0;1;3
2020;IFAM;Norte;Amazonas;IFAM;3;2,84;10;2,5;4,2;0;0,85;0,1;0;1;3
2021;IFAM;Norte;Amazonas;IFAM;3;2,84;10;2,5;4,2;0;0,85;0,1;0;1;3
2022;IFAM;Norte;Amazonas;IFAM;3;2,84;10;2,5;4,2;0;0,85;0,1;0;1;3
2023;IFAM;Norte;Amazonas;IFAM;3;2,84;10;2,5;4,2;0;0,85;0,1;0;1;3
2024;IFAM;Norte;Amazonas;IFAM;3;2,84;10;2,5;4,2;0;0,85;0,1;0;1;3
2013;IFPA;Norte;Pará;IFPA;3;2,86;10;2,5;4,3;0;0,85;0,1;0;1;3
2014;IFPA;Norte;Pará;IFPA;3;2,86;10;2,5;4,3;0;0,85;0,1;0;1;3
2015;IFPA;Norte;Pará;IFPA;3;2,86;10;2,5;4,3;0;0,85;0,1;0;1;3
2016;IFPA;Norte;Pará;IFPA;3;2,86;10;2,5;4,3;0;0,85;0,1;0;1;3
2017;IFPA;Norte;Pará;IFPA;3;2,86;10;2,5;4,3;0;0,85;0,1;0;1;3
2018;IFPA;Norte;Pará;IFPA;3;2,86;10;2,5;4,3;0;0,85;0,1;0;1;3
2019;IFPA;Norte;Pará;IFPA;3;2,86;10;2,5;4,3;0;0,85;0,1;0;1;3
2020;IFPA;Norte;Pará;IFPA;3;2,86;10;2,5;4,3;0;0,85;0,1;0;1;3
2021;IFPA;Norte;Pará;IFPA;3;2,86;10;2,5;4,3;0;0,85;0,1;0;1;3
2022;IFPA;Norte;Pará;IFPA;3;2,86;10;2,5;4,3;0;0,85;0,1;0;1;3
2023;IFPA;Norte;Pará;IFPA;3;2,86;10;2,5;4,3;0;0,85;0,1;0;1;3
2024;IFPA;Norte;Pará;IFPA;3;2,86;10;2,5;4,3;0;0,85;0,1;0;1;3
2013;IFPI;Nordeste;Piauí;IFPI;3;2,5;20;2,25;4,2;0;0,9;0,05;0;1;3
2014;IFPI;Nordeste;Piauí;IFPI;3;2,5;20;2,25;4,2;0;0,9;0,05;0;1;3
2015;IFPI;Nordeste;Piauí;IFPI;3;2,5;20;2,25;4,2;0;0,9;0,05;0;1;3
2016;IFPI;Nordeste;Piauí;IFPI;3;2,5;20;2,25;4,2;0;0,9;0,05;0;1;3
2017;IFPI;Nordeste;Piauí;IFPI;3;2,5;20;2,25;4,2;0;0,9;0,05;0;1;3
2018;IFPI;Nordeste;Piauí;IFPI;3;2,5;20;2,25;4,2;0;0,9;0,05;0;1;3
2019;IFPI;Nordeste;Piauí;IFPI;3;2,5;20;2,25;4,2;0;0,9;0,05;0;1;3
2020;IFPI;Nordeste;Piauí;IFPI;3;2,5;20;2,25;4,2;0;0,9;0,05;0;1;3
2021;IFPI;Nordeste;Piauí;IFPI;3;2,5;20;2,25;4,2;0;0,9;0,05;0;1;3
2022;IFPI;Nordeste;Piauí;IFPI;3;2,5;20;2,25;4,2;0;0,9;0,05;0;1;3
2023;IFPI;Nordeste;Piauí;IFPI;3;2,5;20;2,25;4,2;0;0,9;0,05;0;1;3
2024;IFPI;Nordeste;Piauí;IFPI;3;2,5;20;2,25;4,2;0;0,9;0,05;0;1;3
2013;UFCG;Nordeste;Paraíba;UFCG;4;3,34;60;2,75;4,2;4,5;0,75;0,1;0,1;1;4
2014;UFCG;Nordeste;Paraíba;UFCG;4;3,34;60;2,75;4,2;4,5;0,75;0,1;0,1;1;4
2015;UFCG;Nordeste;Paraíba;UFCG;4;3,34;60;2,75;4,2;4,5;0,75;0,1;0,1;1;4
2016;UFCG;Nordeste;Paraíba;UFCG;4;3,34;60;2,75;4,2;4,5;0,75;0,1;0,1;1;4
2017;UFCG;Nordeste;Paraíba;UFCG;4;3,34;60;2,75;4,2;4,5;0,75;0,1;0,1;1;4
2018;UFCG;Nordeste;Paraíba;UFCG;4;3,34;60;2,75;4,2;4,5;0,75;0,1;0,1;1;4
2019;UFCG;Nordeste;Paraíba;UFCG;4;3,34;60;2,75;4,2;4,5;0,75;0,1;0,1;1;4
2020;UFCG;Nordeste;Paraíba;UFCG;4;3,34;60;2,75;4,2;4,5;0,75;0,1;0,1;1;4
2021;UFCG;Nordeste;Paraíba;UFCG;4;3,34;60;2,75;4,2;4,5;0,75;0,1;0,1;1;4
2022;UFCG;Nordeste;Paraíba;UFCG;4;3,34;60;2,75;4,2;4,5;0,75;0,1;0,1;1;4
2023;UFCG;Nordeste;Paraíba;UFCG;4;3,34;60;2,75;4,2;4,5;0,75;0,1;0,1;1;4
2024;UFCG;Nordeste;Paraíba;UFCG;4;3,34;60;2,75;4,2;4,5;0,75;0,1;0,1;1;4
2013;IFAL;Nordeste;Alagoas;IFAL;3;2,4;10;2,25;4;0;0,95;0;0;1;3
2014;IFAL;Nordeste;Alagoas;IFAL;3;2,4;10;2,25;4;0;0,95;0;0;1;3
2015;IFAL;Nordeste;Alagoas;IFAL;3;2,4;10;2,25;4;0;0,95;0;0;1;3
2016;IFAL;Nordeste;Alagoas;IFAL;3;2,4;10;2,25;4;0;0,95;0;0;1;3
2017;IFAL;Nordeste;Alagoas;IFAL;3;2,4;10;2,25;4;0;0,95;0;0;1;3
2018;IFAL;Nordeste;Alagoas;IFAL;3;2,4;10;2,25;4;0;0,95;0;0;1;3
2019;IFAL;Nordeste;Alagoas;IFAL;3;2,4;10;2,25;4;0;0,95;0;0;1;3
2020;IFAL;Nordeste;Alagoas;IFAL;3;2,4;10;2,25;4;0;0,95;0;0;1;3
2021;IFAL;Nordeste;Alagoas;IFAL;3;2,4;10;2,25;4;0;0,95;0;0;1;3
2022;IFAL;Nordeste;Alagoas;IFAL;3;2,4;10;2,25;4;0;0,95;0;0;1;3
2023;IFAL;Nordeste;Alagoas;IFAL;3;2,4;10;2,25;4;0;0,95;0;0;1;3
2024;IFAL;Nordeste;Alagoas;IFAL;3;2,4;10;2,25;4;0;0,95;0;0;1;3
2013;IFSERTAO-PE;Nordeste;Pernambuco;IF Sertão;3;2,49;0;2,25;4;0;0,95;0;0;1;3
2014;IFSERTAO-PE;Nordeste;Pernambuco;IF Sertão;3;2,49;0;2,25;4;0;0,95;0;0;1;3
2015;IFSERTAO-PE;Nordeste;Pernambuco;IF Sertão;3;2,49;0;2,25;4;0;0,95;0;0;1;3
2016;IFSERTAO-PE;Nordeste;Pernambuco;IF Sertão;3;2,49;0;2,25;4;0;0,95;0;0;1;3
2017;IFSERTAO-PE;Nordeste;Pernambuco;IF Sertão;3;2,49;0;2,25;4;0;0,95;0;0;1;3
2018;IFSERTAO-PE;Nordeste;Pernambuco;IF Sertão;3;2,49;0;2,25;4;0;0,95;0;0;1;3
2019;IFSERTAO-PE;Nordeste;Pernambuco;IF Sertão;3;2,49;0;2,25;4;0;0,95;0;0;1;3
2020;IFSERTAO-PE;Nordeste;Pernambuco;IF Sertão;3;2,49;0;2,25;4;0;0,95;0;0;1;3
2021;IFSERTAO-PE;Nordeste;Pernambuco;IF Sertão;3;2,49;0;2,25;4;0;0,95;0;0;1;3
2022;IFSERTAO-PE;Nordeste;Pernambuco;IF Sertão;3;2,49;0;2,25;4;0;0,95;0;0;1;3
2023;IFSERTAO-PE;Nordeste;Pernambuco;IF Sertão;3;2,49;0;2,25;4;0;0,95;0;0;1;3
2024;IFSERTAO-PE;Nordeste;Pernambuco;IF Sertão;3;2,49;0;2,25;4;0;0,95;0;0;1;3
2013;IFSC;Sul;Santa Catarina;IFSC;4;3,35;10;3,25;4;0;0,95;0;0;1;4
2014;IFSC;Sul;Santa Catarina;IFSC;4;3,35;10;3,25;4;0;0,95;0;0;1;4
2015;IFSC;Sul;Santa Catarina;IFSC;4;3,35;10;3,25;4;0;0,95;0;0;1;4
2016;IFSC;Sul;Santa Catarina;IFSC;4;3,35;10;3,25;4;0;0,95;0;0;1;4
2017;IFSC;Sul;Santa Catarina;IFSC;4;3,35;10;3,25;4;0;0,95;0;0;1;4
2018;IFSC;Sul;Santa Catarina;IFSC;4;3,35;10;3,25;4;0;0,95;0;0;1;4
2019;IFSC;Sul;Santa Catarina;IFSC;4;3,35;10;3,25;4;0;0,95;0;0;1;4
2020;IFSC;Sul;Santa Catarina;IFSC;4;3,35;10;3,25;4;0;0,95;0;0;1;4
2021;IFSC;Sul;Santa Catarina;IFSC;4;3,35;10;3,25;4;0;0,95;0;0;1;4
2022;IFSC;Sul;Santa Catarina;IFSC;4;3,35;10;3,25;4;0;0,95;0;0;1;4
2023;IFSC;Sul;Santa Catarina;IFSC;4;3,35;10;3,25;4;0;0,95;0;0;1;4
2024;IFSC;Sul;Santa Catarina;IFSC;4;3,35;10;3,25;4;0;0,95;0;0;1;4
2013;IFRJ;Sudeste;Rio de Janeiro;IFRJ;4;3,11;10;2,75;4,3;4,75;0,9;0,05;0;1;4
2014;IFRJ;Sudeste;Rio de Janeiro;IFRJ;4;3,11;10;2,75;4,3;4,75;0,9;0,05;0;1;4
2015;IFRJ;Sudeste;Rio de Janeiro;IFRJ;4;3,11;10;2,75;4,3;4,75;0,9;0,05;0;1;4
2016;IFRJ;Sudeste;Rio de Janeiro;IFRJ;4;3,11;10;2,75;4,3;4,75;0,9;0,05;0;1;4
2017;IFRJ;Sudeste;Rio de Janeiro;IFRJ;4;3,11;10;2,75;4,3;4,75;0,9;0,05;0;1;4
2018;IFRJ;Sudeste;Rio de Janeiro;IFRJ;4;3,11;10;2,75;4,3;4,75;0,9;0,05;0;1;4
2019;IFRJ;Sudeste;Rio de Janeiro;IFRJ;4;3,11;10;2,75;4,3;4,75;0,9;0,05;0;1;4
2020;IFRJ;Sudeste;Rio de Janeiro;IFRJ;4;3,11;10;2,75;4,3;4,75;0,9;0,05;0;1;4
2021;IFRJ;Sudeste;Rio de Janeiro;IFRJ;4;3,11;10;2,75;4,3;4,75;0,9;0,05;0;1;4
2022;IFRJ;Sudeste;Rio de Janeiro;IFRJ;4;3,11;10;2,75;4,3;4,75;0,9;0,05;0;1;4
2023;IFRJ;Sudeste;Rio de Janeiro;IFRJ;4;3,11;10;2,75;4,3;4,75;0,9;0,05;0;1;4
2024;IFRJ;Sudeste;Rio de Janeiro;IFRJ;4;3,11;10;2,75;4,3;4,75;0,9;0,05;0;1;4
2013;IFMT;Centro-Oeste;Mato Grosso;IFMT;3;2,43;20;2,25;4;0;0,95;0;0;1;3
2014;IFMT;Centro-Oeste;Mato Grosso;IFMT;3;2,43;20;2,25;4;0;0,95;0;0;1;3
2015;IFMT;Centro-Oeste;Mato Grosso;IFMT;3;2,43;20;2,25;4;0;0,95;0;0;1;3
2016;IFMT;Centro-Oeste;Mato Grosso;IFMT;3;2,43;20;2,25;4;0;0,95;0;0;1;3
2017;IFMT;Centro-Oeste;Mato Grosso;IFMT;3;2,43;20;2,25;4;0;0,95;0;0;1;3
2018;IFMT;Centro-Oeste;Mato Grosso;IFMT;3;2,43;20;2,25;4;0;0,95;0;0;1;3
2019;IFMT;Centro-Oeste;Mato Grosso;IFMT;3;2,43;20;2,25;4;0;0,95;0;0;1;3
2020;IFMT;Centro-Oeste;Mato Grosso;IFMT;3;2,43;20;2,25;4;0;0,95;0;0;1;3
2021;IFMT;Centro-Oeste;Mato Grosso;IFMT;3;2,43;20;2,25;4;0;0,95;0;0;1;3
2022;IFMT;Centro-Oeste;Mato Grosso;IFMT;3;2,43;20;2,25;4;0;0,95;0;0;1;3
2023;IFMT;Centro-Oeste;Mato Grosso;IFMT;3;2,43;20;2,25;4;0;0,95;0;0;1;3
2024;IFMT;Centro-Oeste;Mato Grosso;IFMT;3;2,43;20;2,25;4;0;0,95;0;0;1;3
2013;IFTM;Sudeste;Minas Gerais;IFTM;3;2,7;10;2,5;4;0;0,9;0,05;0;1;3
2014;IFTM;Sudeste;Minas Gerais;IFTM;3;2,7;10;2,5;4;0;0,9;0,05;0;1;3
2015;IFTM;Sudeste;Minas Gerais;IFTM;3;2,7;10;2,5;4;0;0,9;0,05;0;1;3
2016;IFTM;Sudeste;Minas Gerais;IFTM;3;2,7;10;2,5;4;0;0,9;0,05;0;1;3
2017;IFTM;Sudeste;Minas Gerais;IFTM;3;2,7;10;2,5;4;0;0,9;0,05;0;1;3
2018;IFTM;Sudeste;Minas Gerais;IFTM;3;2,7;10;2,5;4;0;0,9;0,05;0;1;3
2019;IFTM;Sudeste;Minas Gerais;IFTM;3;2,7;10;2,5;4;0;0,9;0,05;0;1;3
2020;IFTM;Sudeste;Minas Gerais;IFTM;3;2,7;10;2,5;4;0;0,9;0,05;0;1;3
2021;IFTM;Sudeste;Minas Gerais;IFTM;3;2,7;10;2,5;4;0;0,9;0,05;0;1;3
2022;IFTM;Sudeste;Minas Gerais;IFTM;3;2,7;10;2,5;4;0;0,9;0,05;0;1;3
2023;IFTM;Sudeste;Minas Gerais;IFTM;3;2,7;10;2,5;4;0;0,9;0,05;0;1;3
2024;IFTM;Sudeste;Minas Gerais;IFTM;3;2,7;10;2,5;4;0;0,9;0,05;0;1;3
2013;IFS;Nordeste;Sergipe;IFS;3;2,85;0;2,75;4;0;0,9;0,05;0;1;3
2014;IFS;Nordeste;Sergipe;IFS;3;2,85;0;2,75;4;0;0,9;0,05;0;1;3
2015;IFS;Nordeste;Sergipe;IFS;3;2,85;0;2,75;4;0;0,9;0,05;0;1;3
2016;IFS;Nordeste;Sergipe;IFS;3;2,85;0;2,75;4;0;0,9;0,05;0;1;3
2017;IFS;Nordeste;Sergipe;IFS;3;2,85;0;2,75;4;0;0,9;0,05;0;1;3
2018;IFS;Nordeste;Sergipe;IFS;3;2,85;0;2,75;4;0;0,9;0,05;0;1;3
2019;IFS;Nordeste;Sergipe;IFS;3;2,85;0;2,75;4;0;0,9;0,05;0;1;3
2020;IFS;Nordeste;Sergipe;IFS;3;2,85;0;2,75;4;0;0,9;0,05;0;1;3
2021;IFS;Nordeste;Sergipe;IFS;3;2,85;0;2,75;4;0;0,9;0,05;0;1;3
2022;IFS;Nordeste;Sergipe;IFS;3;2,85;0;2,75;4;0;0,9;0,05;0;1;3
2023;IFS;Nordeste;Sergipe;IFS;3;2,85;0;2,75;4;0;0,9;0,05;0;1;3
2024;IFS;Nordeste;Sergipe;IFS;3;2,85;0;2,75;4;0;0,9;0,05;0;1;3
2013;IFRR;Norte;Roraima;IFRR;3;2,25;0;2;4;0;0,95;0;0;1;3
2014;IFRR;Norte;Roraima;IFRR;3;2,25;0;2;4;0;0,95;0;0;1;3
2015;IFRR;Norte;Roraima;IFRR;3;2,25;0;2;4;0;0,95;0;0;1;3
2016;IFRR;Norte;Roraima;IFRR;3;2,25;0;2;4;0;0,95;0;0;1;3
2017;IFRR;Norte;Roraima;IFRR;3;2,25;0;2;4;0;0,95;0;0;1;3
2018;IFRR;Norte;Roraima;IFRR;3;2,25;0;2;4;0;0,95;0;0;1;3
2019;IFRR;Norte;Roraima;IFRR;3;2,25;0;2;4;0;0,95;0;0;1;3
2020;IFRR;Norte;Roraima;IFRR;3;2,25;0;2;4;0;0,95;0;0;1;3
2021;IFRR;Norte;Roraima;IFRR;3;2,25;0;2;4;0;0,95;0;0;1;3
2022;IFRR;Norte;Roraima;IFRR;3;2,25;0;2;4;0;0,95;0;0;1;3
2023;IFRR;Norte;Roraima;IFRR;3;2,25;0;2;4;0;0,95;0;0;1;3
2024;IFRR;Norte;Roraima;IFRR;3;2,25;0;2;4;0;0,95;0;0;1;3
2013;IFNMG;Sudeste;Minas Gerais;IFNMG;3;2,73;20;2,5;4;0;0,95;0;0;1;3
2014;IFNMG;Sudeste;Minas Gerais;IFNMG;3;2,73;20;2,5;4;0;0,95;0;0;1;3
2015;IFNMG;Sudeste;Minas Gerais;IFNMG;3;2,73;20;2,5;4;0;0,95;0;0;1;3
2016;IFNMG;Sudeste;Minas Gerais;IFNMG;3;2,73;20;2,5;4;0;0,95;0;0;1;3
2017;IFNMG;Sudeste;Minas Gerais;IFNMG;3;2,73;20;2,5;4;0;0,95;0;0;1;3
2018;IFNMG;Sudeste;Minas Gerais;IFNMG;3;2,73;20;2,5;4;0;0,95;0;0;1;3
2019;IFNMG;Sudeste;Minas Gerais;IFNMG;3;2,73;20;2,5;4;0;0,95;0;0;1;3
2020;IFNMG;Sudeste;Minas Gerais;IFNMG;3;2,73;20;2,5;4;0;0,95;0;0;1;3
2021;IFNMG;Sudeste;Minas Gerais;IFNMG;3;2,73;20;2,5;4;0;0,95;0;0;1;3
2022;IFNMG;Sudeste;Minas Gerais;IFNMG;3;2,73;20;2,5;4;0;0,95;0;0;1;3
2023;IFNMG;Sudeste;Minas Gerais;IFNMG;3;2,73;20;2,5;4;0;0,95;0;0;1;3
2024;IFNMG;Sudeste;Minas Gerais;IFNMG;3;2,73;20;2,5;4;0;0,95;0;0;1;3
2013;IFMG;Sudeste;Minas Gerais;IFMG;3;2,85;30;2,75;4;0;0,95;0;0;1;3
2014;IFMG;Sudeste;Minas Gerais;IFMG;3;2,85;30;2,75;4;0;0,95;0;0;1;3
2015;IFMG;Sudeste;Minas Gerais;IFMG;3;2,85;30;2,75;4;0;0,95;0;0;1;3
2016;IFMG;Sudeste;Minas Gerais;IFMG;3;2,85;30;2,75;4;0;0,95;0;0;1;3
2017;IFMG;Sudeste;Minas Gerais;IFMG;3;2,85;30;2,75;4;0;0,95;0;0;1;3
2018;IFMG;Sudeste;Minas Gerais;IFMG;3;2,85;30;2,75;4;0;0,95;0;0;1;3
2019;IFMG;Sudeste;Minas Gerais;IFMG;3;2,85;30;2,75;4;0;0,95;0;0;1;3
2020;IFMG;Sudeste;Minas Gerais;IFMG;3;2,85;30;2,75;4;0;0,95;0;0;1;3
2021;IFMG;Sudeste;Minas Gerais;IFMG;3;2,85;30;2,75;4;0;0,95;0;0;1;3
2022;IFMG;Sudeste;Minas Gerais;IFMG;3;2,85;30;2,75;4;0;0,95;0;0;1;3
2023;IFMG;Sudeste;Minas Gerais;IFMG;3;2,85;30;2,75;4;0;0,95;0;0;1;3
2024;IFMG;Sudeste;Minas Gerais;IFMG;3;2,85;30;2,75;4;0;0,95;0;0;1;3
2013;IFSUDESTEMG;Sudeste;Minas Gerais;IFSEMG;3;2,84;20;2,75;4;0;0,95;0;0;1;3
2014;IFSUDESTEMG;Sudeste;Minas Gerais;IFSEMG;3;2,84;20;2,75;4;0;0,95;0;0;1;3
2015;IFSUDESTEMG;Sudeste;Minas Gerais;IFSEMG;3;2,84;20;2,75;4;0;0,95;0;0;1;3
2016;IFSUDESTEMG;Sudeste;Minas Gerais;IFSEMG;3;2,84;20;2,75;4;0;0,95;0;0;1;3
2017;IFSUDESTEMG;Sudeste;Minas Gerais;IFSEMG;3;2,84;20;2,75;4;0;0,95;0;0;1;3
2018;IFSUDESTEMG;Sudeste;Minas Gerais;IFSEMG;3;2,84;20;2,75;4;0;0,95;0;0;1;3
2019;IFSUDESTEMG;Sudeste;Minas Gerais;IFSEMG;3;2,84;20;2,75;4;0;0,95;0;0;1;3
2020;IFSUDESTEMG;Sudeste;Minas Gerais;IFSEMG;3;2,84;20;2,75;4;0;0,95;0;0;1;3
2021;IFSUDESTEMG;Sudeste;Minas Gerais;IFSEMG;3;2,84;20;2,75;4;0;0,95;0;0;1;3
2022;IFSUDESTEMG;Sudeste;Minas Gerais;IFSEMG;3;2,84;20;2,75;4;0;0,95;0;0;1;3
2023;IFSUDESTEMG;Sudeste;Minas Gerais;IFSEMG;3;2,84;20;2,75;4;0;0,95;0;0;1;3
2024;IFSUDESTEMG;Sudeste;Minas Gerais;IFSEMG;3;2,84;20;2,75;4;0;0,95;0;0;1;3
2013;UFT;Norte;Tocantins;UFT;4;3,02;50;2,75;4,1;4,5;0,8;0,1;0;1;4
2014;UFT;Norte;Tocantins;UFT;4;3,02;50;2,75;4,1;4,5;0,8;0,1;0;1;4
2015;UFT;Norte;Tocantins;UFT;4;3,02;50;2,75;4,1;4,5;0,8;0,1;0;1;4
2016;UFT;Norte;Tocantins;UFT;4;3,02;50;2,75;4,1;4,5;0,8;0,1;0;1;4
2017;UFT;Norte;Tocantins;UFT;4;3,02;50;2,75;4,1;4,5;0,8;0,1;0;1;4
2018;UFT;Norte;Tocantins;UFT;4;3,02;50;2,75;4,1;4,5;0,8;0,1;0;1;4
2019;UFT;Norte;Tocantins;UFT;4;3,02;50;2,75;4,1;4,5;0,8;0,1;0;1;4
2020;UFT;Norte;Tocantins;UFT;4;3,02;50;2,75;4,1;4,5;0,8;0,1;0;1;4
2021;UFT;Norte;Tocantins;UFT;4;3,02;50;2,75;4,1;4,5;0,8;0,1;0;1;4
2022;UFT;Norte;Tocantins;UFT;4;3,02;50;2,75;4,1;4,5;0,8;0,1;0;1;4
2023;UFT;Norte;Tocantins;UFT;4;3,02;50;2,75;4,1;4,5;0,8;0,1;0;1;4
2024;UFT;Norte;Tocantins;UFT;4;3,02;50;2,75;4,1;4,5;0,8;0,1;0;1;4
2013;UNIVASF;Nordeste;Pernambuco;UNIVASF;4;3,32;20;3;4,2;4,5;0,8;0,15;0;1;4
2014;UNIVASF;Nordeste;Pernambuco;UNIVASF;4;3,32;20;3;4,2;4,5;0,8;0,15;0;1;4
2015;UNIVASF;Nordeste;Pernambuco;UNIVASF;4;3,32;20;3;4,2;4,5;0,8;0,15;0;1;4
2016;UNIVASF;Nordeste;Pernambuco;UNIVASF;4;3,32;20;3;4,2;4,5;0,8;0,15;0;1;4
2017;UNIVASF;Nordeste;Pernambuco;UNIVASF;4;3,32;20;3;4,2;4,5;0,8;0,15;0;1;4
2018;UNIVASF;Nordeste;Pernambuco;UNIVASF;4;3,32;20;3;4,2;4,5;0,8;0,15;0;1;4
2019;UNIVASF;Nordeste;Pernambuco;UNIVASF;4;3,32;20;3;4,2;4,5;0,8;0,15;0;1;4
2020;UNIVASF;Nordeste;Pernambuco;UNIVASF;4;3,32;20;3;4,2;4,5;0,8;0,15;0;1;4
2021;UNIVASF;Nordeste;Pernambuco;UNIVASF;4;3,32;20;3;4,2;4,5;0,8;0,15;0;1;4
2022;UNIVASF;Nordeste;Pernambuco;UNIVASF;4;3,32;20;3;4,2;4,5;0,8;0,15;0;1;4
2023;UNIVASF;Nordeste;Pernambuco;UNIVASF;4;3,32;20;3;4,2;4,5;0,8;0,15;0;1;4
2024;UNIVASF;Nordeste;Pernambuco;UNIVASF;4;3,32;20;3;4,2;4,5;0,8;0,15;0;1;4
2013;IF FARROUPILHA;Sul;Rio Grande do Sul;IFFarroupilha;4;3,13;20;3;4;0;0,95;0;0;1;4
2014;IF FARROUPILHA;Sul;Rio Grande do Sul;IFFarroupilha;4;3,13;20;3;4;0;0,95;0;0;1;4
2015;IF FARROUPILHA;Sul;Rio Grande do Sul;IFFarroupilha;4;3,13;20;3;4;0;0,95;0;0;1;4
2016;IF FARROUPILHA;Sul;Rio Grande do Sul;IFFarroupilha;4;3,13;20;3;4;0;0,95;0;0;1;4
2017;IF FARROUPILHA;Sul;Rio Grande do Sul;IFFarroupilha;4;3,13;20;3;4;0;0,95;0;0;1;4
2018;IF FARROUPILHA;Sul;Rio Grande do Sul;IFFarroupilha;4;3,13;20;3;4;0;0,95;0;0;1;4
2019;IF FARROUPILHA;Sul;Rio Grande do Sul;IFFarroupilha;4;3,13;20;3;4;0;0,95;0;0;1;4
2020;IF FARROUPILHA;Sul;Rio Grande do Sul;IFFarroupilha;4;3,13;20;3;4;0;0,95;0;0;1;4
2021;IF FARROUPILHA;Sul;Rio Grande do Sul;IFFarroupilha;4;3,13;20;3;4;0;0,95;0;0;1;4
2022;IF FARROUPILHA;Sul;Rio Grande do Sul;IFFarroupilha;4;3,13;20;3;4;0;0,95;0;0;1;4
2023;IF FARROUPILHA;Sul;Rio Grande do Sul;IFFarroupilha;4;3,13;20;3;4;0;0,95;0;0;1;4
2024;IF FARROUPILHA;Sul;Rio Grande do Sul;IFFarroupilha;4;3,13;20;3;4;0;0,95;0;0;1;4
2013;IFSULDEMINAS;Sudeste;Minas Gerais;IF SUL DE MINAS;4;3,29;20;3,25;4;0;0,95;0;0;1;4
2014;IFSULDEMINAS;Sudeste;Minas Gerais;IF SUL DE MINAS;4;3,29;20;3,25;4;0;0,95;0;0;1;4
2015;IFSULDEMINAS;Sudeste;Minas Gerais;IF SUL DE MINAS;4;3,29;20;3,25;4;0;0,95;0;0;1;4
2016;IFSULDEMINAS;Sudeste;Minas Gerais;IF SUL DE MINAS;4;3,29;20;3,25;4;0;0,95;0;0;1;4
2017;IFSULDEMINAS;Sudeste;Minas Gerais;IF SUL DE MINAS;4;3,29;20;3,25;4;0;0,95;0;0;1;4
2018;IFSULDEMINAS;Sudeste;Minas Gerais;IF SUL DE MINAS;4;3,29;20;3,25;4;0;0,95;0;0;1;4
2019;IFSULDEMINAS;Sudeste;Minas Gerais;IF SUL DE MINAS;4;3,29;20;3,25;4;0;0,95;0;0;1;4
2020;IFSULDEMINAS;Sudeste;Minas Gerais;IF SUL DE MINAS;4;3,29;20;3,25;4;0;0,95;0;0;1;4
2021;IFSULDEMINAS;Sudeste;Minas Gerais;IF SUL DE MINAS;4;3,29;20;3,25;4;0;0,95;0;0;1;4
2022;IFSULDEMINAS;Sudeste;Minas Gerais;IF SUL DE MINAS;4;3,29;20;3,25;4;0;0,95;0;0;1;4
2023;IFSULDEMINAS;Sudeste;Minas Gerais;IF SUL DE MINAS;4;3,29;20;3,25;4;0;0,95;0;0;1;4
2024;IFSULDEMINAS;Sudeste;Minas Gerais;IF SUL DE MINAS;4;3,29;20;3,25;4;0;0,95;0;0;1;4
2013;UFRB;Nordeste;Bahia;UFRB;3;2,93;20;2,5;4,1;4,5;0,85;0,1;0;1;3
2014;UFRB;Nordeste;Bahia;UFRB;3;2,93;20;2,5;4,1;4,5;0,85;0,1;0;1;3
2015;UFRB;Nordeste;Bahia;UFRB;3;2,93;20;2,5;4,1;4,5;0,85;0,1;0;1;3
2016;UFRB;Nordeste;Bahia;UFRB;3;2,93;20;2,5;4,1;4,5;0,85;0,1;0;1;3
2017;UFRB;Nordeste;Bahia;UFRB;3;2,93;20;2,5;4,1;4,5;0,85;0,1;0;1;3
2018;UFRB;Nordeste;Bahia;UFRB;3;2,93;20;2,5;4,1;4,5;0,85;0,1;0;1;3
2019;UFRB;Nordeste;Bahia;UFRB;3;2,93;20;2,5;4,1;4,5;0,85;0,1;0;1;3
2020;UFRB;Nordeste;Bahia;UFRB;3;2,93;20;2,5;4,1;4,5;0,85;0,1;0;1;3
2021;UFRB;Nordeste;Bahia;UFRB;3;2,93;20;2,5;4,1;4,5;0,85;0,1;0;1;3
2022;UFRB;Nordeste;Bahia;UFRB;3;2,93;20;2,5;4,1;4,5;0,85;0,1;0;1;3
2023;UFRB;Nordeste;Bahia;UFRB;3;2,93;20;2,5;4,1;4,5;0,85;0,1;0;1;3
2024;UFRB;Nordeste;Bahia;UFRB;3;2,93;20;2,5;4,1;4,5;0,85;0,1;0;1;3
2013;UFGD;Centro-Oeste;Mato Grosso do Sul;UFGD;4;3,38;30;2,75;4,4;4,5;0,7;0,15;0,1;1;4
2014;UFGD;Centro-Oeste;Mato Grosso do Sul;UFGD;4;3,38;30;2,75;4,4;4,5;0,7;0,15;0,1;1;4
2015;UFGD;Centro-Oeste;Mato Grosso do Sul;UFGD;4;3,38;30;2,75;4,4;4,5;0,7;0,15;0,1;1;4
2016;UFGD;Centro-Oeste;Mato Grosso do Sul;UFGD;4;3,38;30;2,75;4,4;4,5;0,7;0,15;0,1;1;4
2017;UFGD;Centro-Oeste;Mato Grosso do Sul;UFGD;4;3,38;30;2,75;4,4;4,5;0,7;0,15;0,1;1;4
2018;UFGD;Centro-Oeste;Mato Grosso do Sul;UFGD;4;3,38;30;2,75;4,4;4,5;0,7;0,15;0,1;1;4
2019;UFGD;Centro-Oeste;Mato Grosso do Sul;UFGD;4;3,38;30;2,75;4,4;4,5;0,7;0,15;0,1;1;4
2020;UFGD;Centro-Oeste;Mato Grosso do Sul;UFGD;4;3,38;30;2,75;4,4;4,5;0,7;0,15;0,1;1;4
2021;UFGD;Centro-Oeste;Mato Grosso do Sul;UFGD;4;3,38;30;2,75;4,4;4,5;0,7;0,15;0,1;1;4
2022;UFGD;Centro-Oeste;Mato Grosso do Sul;UFGD;4;3,38;30;2,75;4,4;4,5;0,7;0,15;0,1;1;4
2023;UFGD;Centro-Oeste;Mato Grosso do Sul;UFGD;4;3,38;30;2,75;4,4;4,5;0,7;0,15;0,1;1;4
2024;UFGD;Centro-Oeste;Mato Grosso do Sul;UFGD;4;3,38;30;2,75;4,4;4,5;0,7;0,15;0,1;1;4
2013;IFRO;Norte;Rondônia;IFRO;3;2,64;0;2,5;4;0;0,95;0;0;1;3
2014;IFRO;Norte;Rondônia;IFRO;3;2,64;0;2,5;4;0;0,95;0;0;1;3
2015;IFRO;Norte;Rondônia;IFRO;3;2,64;0;2,5;4;0;0,95;0;0;1;3
2016;IFRO;Norte;Rondônia;IFRO;3;2,64;0;2,5;4;0;0,95;0;0;1;3
2017;IFRO;Norte;Rondônia;IFRO;3;2,64;0;2,5;4;0;0,95;0;0;1;3
2018;IFRO;Norte;Rondônia;IFRO;3;2,64;0;2,5;4;0;0,95;0;0;1;3
2019;IFRO;Norte;Rondônia;IFRO;3;2,64;0;2,5;4;0;0,95;0;0;1;3
2020;IFRO;Norte;Rondônia;IFRO;3;2,64;0;2,5;4;0;0,95;0;0;1;3
2021;IFRO;Norte;Rondônia;IFRO;3;2,64;0;2,5;4;0;0,95;0;0;1;3
2022;IFRO;Norte;Rondônia;IFRO;3;2,64;0;2,5;4;0;0,95;0;0;1;3
2023;IFRO;Norte;Rondônia;IFRO;3;2,64;0;2,5;4;0;0,95;0;0;1;3
2024;IFRO;Norte;Rondônia;IFRO;3;2,64;0;2,5;4;0;0,95;0;0;1;3
2013;IFTO;Norte;Tocantins;IFTO;3;2,54;10;2,5;4;0;0,95;0;0;1;3
2014;IFTO;Norte;Tocantins;IFTO;3;2,54;10;2,5;4;0;0,95;0;0;1;3
2015;IFTO;Norte;Tocantins;IFTO;3;2,54;10;2,5;4;0;0,95;0;0;1;3
2016;IFTO;Norte;Tocantins;IFTO;3;2,54;10;2,5;4;0;0,95;0;0;1;3
2017;IFTO;Norte;Tocantins;IFTO;3;2,54;10;2,5;4;0;0,95;0;0;1;3
2018;IFTO;Norte;Tocantins;IFTO;3;2,54;10;2,5;4;0;0,95;0;0;1;3
2019;IFTO;Norte;Tocantins;IFTO;3;2,54;10;2,5;4;0;0,95;0;0;1;3
2020;IFTO;Norte;Tocantins;IFTO;3;2,54;10;2,5;4;0;0,95;0;0;1;3
2021;IFTO;Norte;Tocantins;IFTO;3;2,54;10;2,5;4;0;0,95;0;0;1;3
2022;IFTO;Norte;Tocantins;IFTO;3;2,54;10;2,5;4;0;0,95;0;0;1;3
2023;IFTO;Norte;Tocantins;IFTO;3;2,54;10;2,5;4;0;0,95;0;0;1;3
2024;IFTO;Norte;Tocantins;IFTO;3;2,54;10;2,5;4;0;0,95;0;0;1;3
2013;UFABC;Sudeste;São Paulo;UFABC;5;4;20;3,5;4,4;4,5;0,45;0,3;0,15;1;5
2014;UFABC;Sudeste;São Paulo;UFABC;5;4;20;3,5;4,4;4,5;0,45;0,3;0,15;1;5
2015;UFABC;Sudeste;São Paulo;UFABC;5;4;20;3,5;4,4;4,5;0,45;0,3;0,15;1;5
2016;UFABC;Sudeste;São Paulo;UFABC;5;4;20;3,5;4,4;4,5;0,45;0,3;0,15;1;5
2017;UFABC;Sudeste;São Paulo;UFABC;5;4;20;3,5;4,4;4,5;0,45;0,3;0,15;1;5
2018;UFABC;Sudeste;São Paulo;UFABC;5;4;20;3,5;4,4;4,5;0,45;0,3;0,15;1;5
2019;UFABC;Sudeste;São Paulo;UFABC;5;4;20;3,5;4,4;4,5;0,45;0,3;0,15;1;5
2020;UFABC;Sudeste;São Paulo;UFABC;5;4;20;3,5;4,4;4,5;0,45;0,3;0,15;1;5
2021;UFABC;Sudeste;São Paulo;UFABC;5;4;20;3,5;4,4;4,5;0,45;0,3;0,15;1;5
2022;UFABC;Sudeste;São Paulo;UFABC;5;4;20;3,5;4,4;4,5;0,45;0,3;0,15;1;5
2023;UFABC;Sudeste;São Paulo;UFABC;5;4;20;3,5;4,4;4,5;0,45;0,3;0,15;1;5
2024;UFABC;Sudeste;São Paulo;UFABC;5;4;20;3,5;4,4;4,5;0,45;0,3;0,15;1;5
2013;IFC;Sul;Santa Catarina;IF Catarinense;4;3,13;20;3;4;0;0,95;0;0;1;4
2014;IFC;Sul;Santa Catarina;IF Catarinense;4;3,13;20;3;4;0;0,95;0;0;1;4
2015;IFC;Sul;Santa Catarina;IF Catarinense;4;3,13;20;3;4;0;0,95;0;0;1;4
2016;IFC;Sul;Santa Catarina;IF Catarinense;4;3,13;20;3;4;0;0,95;0;0;1;4
2017;IFC;Sul;Santa Catarina;IF Catarinense;4;3,13;20;3;4;0;0,95;0;0;1;4
2018;IFC;Sul;Santa Catarina;IF Catarinense;4;3,13;20;3;4;0;0,95;0;0;1;4
2019;IFC;Sul;Santa Catarina;IF Catarinense;4;3,13;20;3;4;0;0,95;0;0;1;4
2020;IFC;Sul;Santa Catarina;IF Catarinense;4;3,13;20;3;4;0;0,95;0;0;1;4
2021;IFC;Sul;Santa Catarina;IF Catarinense;4;3,13;20;3;4;0;0,95;0;0;1;4
2022;IFC;Sul;Santa Catarina;IF Catarinense;4;3,13;20;3;4;0;0,95;0;0;1;4
2023;IFC;Sul;Santa Catarina;IF Catarinense;4;3,13;20;3;4;0;0,95;0;0;1;4
2024;IFC;Sul;Santa Catarina;IF Catarinense;4;3,13;20;3;4;0;0,95;0;0;1;4
2013;UNIPAMPA;Sul;Rio Grande do Sul;UNIPAMPA;4;3,22;40;3;4,2;4,5;0,85;0,1;0;1;4
2014;UNIPAMPA;Sul;Rio Grande do Sul;UNIPAMPA;4;3,22;40;3;4,2;4,5;0,85;0,1;0;1;4
2015;UNIPAMPA;Sul;Rio Grande do Sul;UNIPAMPA;4;3,22;40;3;4,2;4,5;0,85;0,1;0;1;4
2016;UNIPAMPA;Sul;Rio Grande do Sul;UNIPAMPA;4;3,22;40;3;4,2;4,5;0,85;0,1;0;1;4
2017;UNIPAMPA;Sul;Rio Grande do Sul;UNIPAMPA;4;3,22;40;3;4,2;4,5;0,85;0,1;0;1;4
2018;UNIPAMPA;Sul;Rio Grande do Sul;UNIPAMPA;4;3,22;40;3;4,2;4,5;0,85;0,1;0;1;4
2019;UNIPAMPA;Sul;Rio Grande do Sul;UNIPAMPA;4;3,22;40;3;4,2;4,5;0,85;0,1;0;1;4
2020;UNIPAMPA;Sul;Rio Grande do Sul;UNIPAMPA;4;3,22;40;3;4,2;4,5;0,85;0,1;0;1;4
2021;UNIPAMPA;Sul;Rio Grande do Sul;UNIPAMPA;4;3,22;40;3;4,2;4,5;0,85;0,1;0;1;4
2022;UNIPAMPA;Sul;Rio Grande do Sul;UNIPAMPA;4;3,22;40;3;4,2;4,5;0,85;0,1;0;1;4
2023;UNIPAMPA;Sul;Rio Grande do Sul;UNIPAMPA;4;3,22;40;3;4,2;4,5;0,85;0,1;0;1;4
2024;UNIPAMPA;Sul;Rio Grande do Sul;UNIPAMPA;4;3,22;40;3;4,2;4,5;0,85;0,1;0;1;4
2013;IFB;Centro-Oeste;Distrito Federal;IFB;3;2,89;0;2,75;4;0;0,95;0;0;1;3
2014;IFB;Centro-Oeste;Distrito Federal;IFB;3;2,89;0;2,75;4;0;0,95;0;0;1;3
2015;IFB;Centro-Oeste;Distrito Federal;IFB;3;2,89;0;2,75;4;0;0,95;0;0;1;3
2016;IFB;Centro-Oeste;Distrito Federal;IFB;3;2,89;0;2,75;4;0;0,95;0;0;1;3
2017;IFB;Centro-Oeste;Distrito Federal;IFB;3;2,89;0;2,75;4;0;0,95;0;0;1;3
2018;IFB;Centro-Oeste;Distrito Federal;IFB;3;2,89;0;2,75;4;0;0,95;0;0;1;3
2019;IFB;Centro-Oeste;Distrito Federal;IFB;3;2,89;0;2,75;4;0;0,95;0;0;1;3
2020;IFB;Centro-Oeste;Distrito Federal;IFB;3;2,89;0;2,75;4;0;0,95;0;0;1;3
2021;IFB;Centro-Oeste;Distrito Federal;IFB;3;2,89;0;2,75;4;0;0,95;0;0;1;3
2022;IFB;Centro-Oeste;Distrito Federal;IFB;3;2,89;0;2,75;4;0;0,95;0;0;1;3
2023;IFB;Centro-Oeste;Distrito Federal;IFB;3;2,89;0;2,75;4;0;0,95;0;0;1;3
2024;IFB;Centro-Oeste;Distrito Federal;IFB;3;2,89;0;2,75;4;0;0,95;0;0;1;3
2013;IFBaiano;Nordeste;Bahia;IFBAIANO;3;2,83;0;2,75;4;0;0,9;0,05;0;1;3
2014;IFBaiano;Nordeste;Bahia;IFBAIANO;3;2,83;0;2,75;4;0;0,9;0,05;0;1;3
2015;IFBaiano;Nordeste;Bahia;IFBAIANO;3;2,83;0;2,75;4;0;0,9;0,05;0;1;3
2016;IFBaiano;Nordeste;Bahia;IFBAIANO;3;2,83;0;2,75;4;0;0,9;0,05;0;1;3
2017;IFBaiano;Nordeste;Bahia;IFBAIANO;3;2,83;0;2,75;4;0;0,9;0,05;0;1;3
2018;IFBaiano;Nordeste;Bahia;IFBAIANO;3;2,83;0;2,75;4;0;0,9;0,05;0;1;3
2019;IFBaiano;Nordeste;Bahia;IFBAIANO;3;2,83;0;2,75;4;0;0,9;0,05;0;1;3
2020;IFBaiano;Nordeste;Bahia;IFBAIANO;3;2,83;0;2,75;4;0;0,9;0,05;0;1;3
2021;IFBaiano;Nordeste;Bahia;IFBAIANO;3;2,83;0;2,75;4;0;0,9;0,05;0;1;3
2022;IFBaiano;Nordeste;Bahia;IFBAIANO;3;2,83;0;2,75;4;0;0,9;0,05;0;1;3
2023;IFBaiano;Nordeste;Bahia;IFBAIANO;3;2,83;0;2,75;4;0;0,9;0,05;0;1;3
2024;IFBaiano;Nordeste;Bahia;IFBAIANO;3;2,83;0;2,75;4;0;0,9;0,05;0;1;3
2013;IFPR;Sul;Paraná;IFPR;3;2,93;30;2,75;4;0;0,95;0;0;1;3
2014;IFPR;Sul;Paraná;IFPR;3;2,93;30;2,75;4;0;0,95;0;0;1;3
2015;IFPR;Sul;Paraná;IFPR;3;2,93;30;2,75;4;0;0,95;0;0;1;3
2016;IFPR;Sul;Paraná;IFPR;3;2,93;30;2,75;4;0;0,95;0;0;1;3
2017;IFPR;Sul;Paraná;IFPR;3;2,93;30;2,75;4;0;0,95;0;0;1;3
2018;IFPR;Sul;Paraná;IFPR;3;2,93;30;2,75;4;0;0,95;0;0;1;3
2019;IFPR;Sul;Paraná;IFPR;3;2,93;30;2,75;4;0;0,95;0;0;1;3
2020;IFPR;Sul;Paraná;IFPR;3;2,93;30;2,75;4;0;0,95;0;0;1;3
2021;IFPR;Sul;Paraná;IFPR;3;2,93;30;2,75;4;0;0,95;0;0;1;3
2022;IFPR;Sul;Paraná;IFPR;3;2,93;30;2,75;4;0;0,95;0;0;1;3
2023;IFPR;Sul;Paraná;IFPR;3;2,93;30;2,75;4;0;0,95;0;0;1;3
2024;IFPR;Sul;Paraná;IFPR;3;2,93;30;2,75;4;0;0,95;0;0;1;3
2013;UNILA;Sul;Paraná;UNILA;4;3,57;10;3,25;4;0;0,8;0,15;0;1;4
2014;UNILA;Sul;Paraná;UNILA;4;3,57;10;3,25;4;0;0,8;0,15;0;1;4
2015;UNILA;Sul;Paraná;UNILA;4;3,57;10;3,25;4;0;0,8;0,15;0;1;4
2016;UNILA;Sul;Paraná;UNILA;4;3,57;10;3,25;4;0;0,8;0,15;0;1;4
2017;UNILA;Sul;Paraná;UNILA;4;3,57;10;3,25;4;0;0,8;0,15;0;1;4
2018;UNILA;Sul;Paraná;UNILA;4;3,57;10;3,25;4;0;0,8;0,15;0;1;4
2019;UNILA;Sul;Paraná;UNILA;4;3,57;10;3,25;4;0;0,8;0,15;0;1;4
2020;UNILA;Sul;Paraná;UNILA;4;3,57;10;3,25;4;0;0,8;0,15;0;1;4
2021;UNILA;Sul;Paraná;UNILA;4;3,57;10;3,25;4;0;0,8;0,15;0;1;4
2022;UNILA;Sul;Paraná;UNILA;4;3,57;10;3,25;4;0;0,8;0,15;0;1;4
2023;UNILA;Sul;Paraná;UNILA;4;3,57;10;3,25;4;0;0,8;0,15;0;1;4
2024;UNILA;Sul;Paraná;UNILA;4;3,57;10;3,25;4;0;0,8;0,15;0;1;4
2013;UFOPA;Norte;Pará;UFOPA;4;2,97;20;2,5;4,2;4,5;0,75;0,15;0;1;4
2014;UFOPA;Norte;Pará;UFOPA;4;2,97;20;2,5;4,2;4,5;0,75;0,15;0;1;4
2015;UFOPA;Norte;Pará;UFOPA;4;2,97;20;2,5;4,2;4,5;0,75;0,15;0;1;4
2016;UFOPA;Norte;Pará;UFOPA;4;2,97;20;2,5;4,2;4,5;0,75;0,15;0;1;4
2017;UFOPA;Norte;Pará;UFOPA;4;2,97;20;2,5;4,2;4,5;0,75;0,15;0;1;4
2018;UFOPA;Norte;Pará;UFOPA;4;2,97;20;2,5;4,2;4,5;0,75;0,15;0;1;4
2019;UFOPA;Norte;Pará;UFOPA;4;2,97;20;2,5;4,2;4,5;0,75;0,15;0;1;4
2020;UFOPA;Norte;Pará;UFOPA;4;2,97;20;2,5;4,2;4,5;0,75;0,15;0;1;4
2021;UFOPA;Norte;Pará;UFOPA;4;2,97;20;2,5;4,2;4,5;0,75;0,15;0;1;4
2022;UFOPA;Norte;Pará;UFOPA;4;2,97;20;2,5;4,2;4,5;0,75;0,15;0;1;4
2023;UFOPA;Norte;Pará;UFOPA;4;2,97;20;2,5;4,2;4,5;0,75;0,15;0;1;4
2024;UFOPA;Norte;Pará;UFOPA;4;2,97;20;2,5;4,2;4,5;0,75;0,15;0;1;4
2013;UFFS;Sul;Santa Catarina;UFFS;4;3,35;30;3,25;4;0;0,9;0,05;0;1;4
2014;UFFS;Sul;Santa Catarina;UFFS;4;3,35;30;3,25;4;0;0,9;0,05;0;1;4
2015;UFFS;Sul;Santa Catarina;UFFS;4;3,35;30;3,25;4;0;0,9;0,05;0;1;4
2016;UFFS;Sul;Santa Catarina;UFFS;4;3,35;30;3,25;4;0;0,9;0,05;0;1;4
2017;UFFS;Sul;Santa Catarina;UFFS;4;3,35;30;3,25;4;0;0,9;0,05;0;1;4
2018;UFFS;Sul;Santa Catarina;UFFS;4;3,35;30;3,25;4;0;0,9;0,05;0;1;4
2019;UFFS;Sul;Santa Catarina;UFFS;4;3,35;30;3,25;4;0;0,9;0,05;0;1;4
2020;UFFS;Sul;Santa Catarina;UFFS;4;3,35;30;3,25;4;0;0,9;0,05;0;1;4
2021;UFFS;Sul;Santa Catarina;UFFS;4;3,35;30;3,25;4;0;0,9;0,05;0;1;4
2022;UFFS;Sul;Santa Catarina;UFFS;4;3,35;30;3,25;4;0;0,9;0,05;0;1;4
2023;UFFS;Sul;Santa Catarina;UFFS;4;3,35;30;3,25;4;0;0,9;0,05;0;1;4
2024;UFFS;Sul;Santa Catarina;UFFS;4;3,35;30;3,25;4;0;0,9;0,05;0;1;4
2013;UNILAB;Nordeste;Ceará;UNILAB;4;3,32;10;3,25;4,1;0;0,9;0,05;0;1;4
2014;UNILAB;Nordeste;Ceará;UNILAB;4;3,32;10;3,25;4,1;0;0,9;0,05;0;1;4
2015;UNILAB;Nordeste;Ceará;UNILAB;4;3,32;10;3,25;4,1;0;0,9;0,05;0;1;4
2016;UNILAB;Nordeste;Ceará;UNILAB;4;3,32;10;3,25;4,1;0;0,9;0,05;0;1;4
2017;UNILAB;Nordeste;Ceará;UNILAB;4;3,32;10;3,25;4,1;0;0,9;0,05;0;1;4
2018;UNILAB;Nordeste;Ceará;UNILAB;4;3,32;10;3,25;4,1;0;0,9;0,05;0;1;4
2019;UNILAB;Nordeste;Ceará;UNILAB;4;3,32;10;3,25;4,1;0;0,9;0,05;0;1;4
2020;UNILAB;Nordeste;Ceará;UNILAB;4;3,32;10;3,25;4,1;0;0,9;0,05;0;1;4
2021;UNILAB;Nordeste;Ceará;UNILAB;4;3,32;10;3,25;4,1;0;0,9;0,05;0;1;4
2022;UNILAB;Nordeste;Ceará;UNILAB;4;3,32;10;3,25;4,1;0;0,9;0,05;0;1;4
2023;UNILAB;Nordeste;Ceará;UNILAB;4;3,32;10;3,25;4,1;0;0,9;0,05;0;1;4
2024;UNILAB;Nordeste;Ceará;UNILAB;4;3,32;10;3,25;4,1;0;0,9;0,05;0;1;4
2013;IFAC;Norte;Acre;IFAC;3;2,21;0;2;4;0;0,95;0;0;1;3
2014;IFAC;Norte;Acre;IFAC;3;2,21;0;2;4;0;0,95;0;0;1;3
2015;IFAC;Norte;Acre;IFAC;3;2,21;0;2;4;0;0,95;0;0;1;3
2016;IFAC;Norte;Acre;IFAC;3;2,21;0;2;4;0;0,95;0;0;1;3
2017;IFAC;Norte;Acre;IFAC;3;2,21;0;2;4;0;0,95;0;0;1;3
2018;IFAC;Norte;Acre;IFAC;3;2,21;0;2;4;0;0,95;0;0;1;3
2019;IFAC;Norte;Acre;IFAC;3;2,21;0;2;4;0;0,95;0;0;1;3
2020;IFAC;Norte;Acre;IFAC;3;2,21;0;2;4;0;0,95;0;0;1;3
2021;IFAC;Norte;Acre;IFAC;3;2,21;0;2;4;0;0,95;0;0;1;3
2022;IFAC;Norte;Acre;IFAC;3;2,21;0;2;4;0;0,95;0;0;1;3
2023;IFAC;Norte;Acre;IFAC;3;2,21;0;2;4;0;0,95;0;0;1;3
2024;IFAC;Norte;Acre;IFAC;3;2,21;0;2;4;0;0,95;0;0;1;3
2013;IFMS;Centro-Oeste;Mato Grosso do Sul;IFMS;3;2,69;0;2,5;4;0;0,9;0,05;0;1;3
2014;IFMS;Centro-Oeste;Mato Grosso do Sul;IFMS;3;2,69;0;2,5;4;0;0,9;0,05;0;1;3
2015;IFMS;Centro-Oeste;Mato Grosso do Sul;IFMS;3;2,69;0;2,5;4;0;0,9;0,05;0;1;3
2016;IFMS;Centro-Oeste;Mato Grosso do Sul;IFMS;3;2,69;0;2,5;4;0;0,9;0,05;0;1;3
2017;IFMS;Centro-Oeste;Mato Grosso do Sul;IFMS;3;2,69;0;2,5;4;0;0,9;0,05;0;1;3
2018;IFMS;Centro-Oeste;Mato Grosso do Sul;IFMS;3;2,69;0;2,5;4;0;0,9;0,05;0;1;3
2019;IFMS;Centro-Oeste;Mato Grosso do Sul;IFMS;3;2,69;0;2,5;4;0;0,9;0,05;0;1;3
2020;IFMS;Centro-Oeste;Mato Grosso do Sul;IFMS;3;2,69;0;2,5;4;0;0,9;0,05;0;1;3
2021;IFMS;Centro-Oeste;Mato Grosso do Sul;IFMS;3;2,69;0;2,5;4;0;0,9;0,05;0;1;3
2022;IFMS;Centro-Oeste;Mato Grosso do Sul;IFMS;3;2,69;0;2,5;4;0;0,9;0,05;0;1;3
2023;IFMS;Centro-Oeste;Mato Grosso do Sul;IFMS;3;2,69;0;2,5;4;0;0,9;0,05;0;1;3
2024;IFMS;Centro-Oeste;Mato Grosso do Sul;IFMS;3;2,69;0;2,5;4;0;0,9;0,05;0;1;3
2013;IFAP;Norte;Amapá;IFAP;3;2,33;0;2,25;4;0;0,95;0;0;1;3
2014;IFAP;Norte;Amapá;IFAP;3;2,33;0;2,25;4;0;0,95;0;0;1;3
2015;IFAP;Norte;Amapá;IFAP;3;2,33;0;2,25;4;0;0,95;0;0;1;3
2016;IFAP;Norte;Amapá;IFAP;3;2,33;0;2,25;4;0;0,95;0;0;1;3
2017;IFAP;Norte;Amapá;IFAP;3;2,33;0;2,25;4;0;0,95;0;0;1;3
2018;IFAP;Norte;Amapá;IFAP;3;2,33;0;2,25;4;0;0,95;0;0;1;3
2019;IFAP;Norte;Amapá;IFAP;3;2,33;0;2,25;4;0;0,95;0;0;1;3
2020;IFAP;Norte;Amapá;IFAP;3;2,33;0;2,25;4;0;0,95;0;0;1;3
2021;IFAP;Norte;Amapá;IFAP;3;2,33;0;2,25;4;0;0,95;0;0;1;3
2022;IFAP;Norte;Amapá;IFAP;3;2,33;0;2,25;4;0;0,95;0;0;1;3
2023;IFAP;Norte;Amapá;IFAP;3;2,33;0;2,25;4;0;0,95;0;0;1;3
2024;IFAP;Norte;Amapá;IFAP;3;2,33;0;2,25;4;0;0,95;0;0;1;3
2013;UNIFESSPA;Norte;Pará;UNIFESSPA;4;2,99;20;2,75;4,2;0;0,85;0,1;0;1;4
2014;UNIFESSPA;Norte;Pará;UNIFESSPA;4;2,99;20;2,75;4,2;0;0,85;0,1;0;1;4
2015;UNIFESSPA;Norte;Pará;UNIFESSPA;4;2,99;20;2,75;4,2;0;0,85;0,1;0;1;4
2016;UNIFESSPA;Norte;Pará;UNIFESSPA;4;2,99;20;2,75;4,2;0;0,85;0,1;0;1;4
2017;UNIFESSPA;Norte;Pará;UNIFESSPA;4;2,99;20;2,75;4,2;0;0,85;0,1;0;1;4
2018;UNIFESSPA;Norte;Pará;UNIFESSPA;4;2,99;20;2,75;4,2;0;0,85;0,1;0;1;4
2019;UNIFESSPA;Norte;Pará;UNIFESSPA;4;2,99;20;2,75;4,2;0;0,85;0,1;0;1;4
2020;UNIFESSPA;Norte;Pará;UNIFESSPA;4;2,99;20;2,75;4,2;0;0,85;0,1;0;1;4
2021;UNIFESSPA;Norte;Pará;UNIFESSPA;4;2,99;20;2,75;4,2;0;0,85;0,1;0;1;4
2022;UNIFESSPA;Norte;Pará;UNIFESSPA;4;2,99;20;2,75;4,2;0;0,85;0,1;0;1;4
2023;UNIFESSPA;Norte;Pará;UNIFESSPA;4;2,99;20;2,75;4,2;0;0,85;0,1;0;1;4
2024;UNIFESSPA;Norte;Pará;UNIFESSPA;4;2,99;20;2,75;4,2;0;0,85;0,1;0;1;4
2013;UFOB;Nordeste;Bahia;UFOB;4;3,28;10;3;4,2;0;0,9;0,05;0;1;4
2014;UFOB;Nordeste;Bahia;UFOB;4;3,28;10;3;4,2;0;0,9;0,05;0;1;4
2015;UFOB;Nordeste;Bahia;UFOB;4;3,28;10;3;4,2;0;0,9;0,05;0;1;4
2016;UFOB;Nordeste;Bahia;UFOB;4;3,28;10;3;4,2;0;0,9;0,05;0;1;4
2017;UFOB;Nordeste;Bahia;UFOB;4;3,28;10;3;4,2;0;0,9;0,05;0;1;4
2018;UFOB;Nordeste;Bahia;UFOB;4;3,28;10;3;4,2;0;0,9;0,05;0;1;4
2019;UFOB;Nordeste;Bahia;UFOB;4;3,28;10;3;4,2;0;0,9;0,05;0;1;4
2020;UFOB;Nordeste;Bahia;UFOB;4;3,28;10;3;4,2;0;0,9;0,05;0;1;4
2021;UFOB;Nordeste;Bahia;UFOB;4;3,28;10;3;4,2;0;0,9;0,05;0;1;4
2022;UFOB;Nordeste;Bahia;UFOB;4;3,28;10;3;4,2;0;0,9;0,05;0;1;4
2023;UFOB;Nordeste;Bahia;UFOB;4;3,28;10;3;4,2;0;0,9;0,05;0;1;4
2024;UFOB;Nordeste;Bahia;UFOB;4;3,28;10;3;4,2;0;0,9;0,05;0;1;4
2013;UFCA;Nordeste;Ceará;UFCA;4;3,19;10;3;4,2;4,5;0,9;0,05;0;1;4
2014;UFCA;Nordeste;Ceará;UFCA;4;3,19;10;3;4,2;4,5;0,9;0,05;0;1;4
2015;UFCA;Nordeste;Ceará;UFCA;4;3,19;10;3;4,2;4,5;0,9;0,05;0;1;4
2016;UFCA;Nordeste;Ceará;UFCA;4;3,19;10;3;4,2;4,5;0,9;0,05;0;1;4
2017;UFCA;Nordeste;Ceará;UFCA;4;3,19;10;3;4,2;4,5;0,9;0,05;0;1;4
2018;UFCA;Nordeste;Ceará;UFCA;4;3,19;10;3;4,2;4,5;0,9;0,05;0;1;4
2019;UFCA;Nordeste;Ceará;UFCA;4;3,19;10;3;4,2;4,5;0,9;0,05;0;1;4
2020;UFCA;Nordeste;Ceará;UFCA;4;3,19;10;3;4,2;4,5;0,9;0,05;0;1;4
2021;UFCA;Nordeste;Ceará;UFCA;4;3,19;10;3;4,2;4,5;0,9;0,05;0;1;4
2022;UFCA;Nordeste;Ceará;UFCA;4;3,19;10;3;4,2;4,5;0,9;0,05;0;1;4
2023;UFCA;Nordeste;Ceará;UFCA;4;3,19;10;3;4,2;4,5;0,9;0,05;0;1;4
2024;UFCA;Nordeste;Ceará;UFCA;4;3,19;10;3;4,2;4,5;0,9;0,05;0;1;4
2013;UFSB;Nordeste;Bahia;UFSB;5;4,12;0;3,5;4;4,5;0,05;0,7;0,15;1;5
2014;UFSB;Nordeste;Bahia;UFSB;5;4,12;0;3,5;4;4,5;0,05;0,7;0,15;1;5
2015;UFSB;Nordeste;Bahia;UFSB;5;4,12;0;3,5;4;4,5;0,05;0,7;0,15;1;5
2016;UFSB;Nordeste;Bahia;UFSB;5;4,12;0;3,5;4;4,5;0,05;0,7;0,15;1;5
2017;UFSB;Nordeste;Bahia;UFSB;5;4,12;0;3,5;4;4,5;0,05;0,7;0,15;1;5
2018;UFSB;Nordeste;Bahia;UFSB;5;4,12;0;3,5;4;4,5;0,05;0,7;0,15;1;5
2019;UFSB;Nordeste;Bahia;UFSB;5;4,12;0;3,5;4;4,5;0,05;0,7;0,15;1;5
2020;UFSB;Nordeste;Bahia;UFSB;5;4,12;0;3,5;4;4,5;0,05;0,7;0,15;1;5
2021;UFSB;Nordeste;Bahia;UFSB;5;4,12;0;3,5;4;4,5;0,05;0,7;0,15;1;5
2022;UFSB;Nordeste;Bahia;UFSB;5;4,12;0;3,5;4;4,5;0,05;0,7;0,15;1;5
2023;UFSB;Nordeste;Bahia;UFSB;5;4,12;0;3,5;4;4,5;0,05;0,7;0,15;1;5
2024;UFSB;Nordeste;Bahia;UFSB;5;4,12;0;3,5;4;4,5;0,05;0,7;0,15;1;5
