Ano;Região;UF;Estado;Organização Acadêmica;Instituicao;Instituição (Nome);Índice de Verticalização | Eixo Tecnológico
2023;Centro-Oeste;DF;Distrito Federal;"Institutos Federais, Cefet's e Colégio Pedro II";IFB;Instituto Federal de Brasília;3028
2023;Centro-Oeste;GO;Goiás;"Institutos Federais, Cefet's e Colégio Pedro II";IF GOIANO;Instituto Federal Goiano;2696
2023;Centro-Oeste;GO;Goiás;"Institutos Federais, Cefet's e Colégio Pedro II";IFG;Instituto Federal de Goiás;2402
2023;Centro-Oeste;MS;Mato Grosso do Sul;"Institutos Federais, Cefet's e Colégio Pedro II";IFMS;Instituto Federal do Mato Grosso do Sul;1050
2023;Centro-Oeste;MT;Mato Grosso;"Institutos Federais, Cefet's e Colégio Pedro II";IFMT;Instituto Federal do Mato Grosso;2685
2023;Nordeste;AL;Alagoas;"Institutos Federais, Cefet's e Colégio Pedro II";IFAL;Instituto Federal de Alagoas;1384
2023;Nordeste;AL;Alagoas;Universidades Federais;UFAL - ETA;Universidade Federal de Alagoas;
2023;Nordeste;BA;Bahia;"Institutos Federais, Cefet's e Colégio Pedro II";IF BAIANO;Instituto Federal Baiano;923
2023;Nordeste;BA;Bahia;"Institutos Federais, Cefet's e Colégio Pedro II";IFBA;Instituto Federal da Bahia;2473
2023;Nordeste;CE;Ceará;"Institutos Federais, Cefet's e Colégio Pedro II";IFCE;Instituto Federal do Ceará;6819
2023;Nordeste;MA;Maranhão;"Institutos Federais, Cefet's e Colégio Pedro II";IFMA;Instituto Federal do Maranhão;3474
2023;Nordeste;MA;Maranhão;Universidades Federais;UFMA - COLUN;Universidade Federal do Maranhão;
2023;Nordeste;PB;Paraíba;"Institutos Federais, Cefet's e Colégio Pedro II";IFPB;Instituto Federal da Paraíba;3452
2023;Nordeste;PB;Paraíba;Universidades Federais;UFCG - ETSC;Universidade Federal de Campina Grande;
2023;Nordeste;PB;Paraíba;Universidades Federais;UFPB - CAVN;Universidade Federal da Paraíba;
2023;Nordeste;PB;Paraíba;Universidades Federais;UFPB - ETS;Universidade Federal da Paraíba;
2023;Nordeste;PE;Pernambuco;"Institutos Federais, Cefet's e Colégio Pedro II";IF SERTÃO-PE;Instituto Federal do Sertão Pernambucano;954
2023;Nordeste;PE;Pernambuco;"Institutos Federais, Cefet's e Colégio Pedro II";IFPE;Instituto Federal de Pernambuco;2200
2023;Nordeste;PE;Pernambuco;Universidades Federais;UFRPE - CODAI;Universidade Federal Rural de Pernambuco;
2023;Nordeste;PI;Piauí;"Institutos Federais, Cefet's e Colégio Pedro II";IFPI;Instituto Federal do Piauí;3049
2023;Nordeste;PI;Piauí;Universidades Federais;UFPI - CTBJ;Universidade Federal do Piauí;
2023;Nordeste;PI;Piauí;Universidades Federais;UFPI - CTF;Universidade Federal do Piauí;
2023;Nordeste;PI;Piauí;Universidades Federais;UFPI-CAT;Universidade Federal do Piauí;
2023;Nordeste;RN;Rio Grande do Norte;"Institutos Federais, Cefet's e Colégio Pedro II";IFRN;Instituto Federal do Rio Grande do Norte;2925
2023;Nordeste;RN;Rio Grande do Norte;Universidades Federais;ESUFRN;Universidade Federal do Rio Grande do Norte;92
2023;Nordeste;RN;Rio Grande do Norte;Universidades Federais;UFRN - EAJ;Universidade Federal do Rio Grande do Norte;
2023;Nordeste;RN;Rio Grande do Norte;Universidades Federais;UFRN - MÚSICA;Universidade Federal do Rio Grande do Norte;
2023;Nordeste;SE;Sergipe;"Institutos Federais, Cefet's e Colégio Pedro II";IFS;Instituto Federal de Sergipe;1030
2023;Norte;AC;Acre;"Institutos Federais, Cefet's e Colégio Pedro II";IFAC;Instituto Federal do Acre;602
2023;Norte;AM;Amazonas;"Institutos Federais, Cefet's e Colégio Pedro II";IFAM;Instituto Federal do Amazonas;1467
2023;Norte;AP;Amapá;"Institutos Federais, Cefet's e Colégio Pedro II";IFAP;Instituto Federal do Amapá;695
2023;Norte;PA;Pará;"Institutos Federais, Cefet's e Colégio Pedro II";IFPA;Instituto Federal do Pará;2508
2023;Norte;PA;Pará;Universidades Federais;EMUFPA;Universidade Federal do Pará;
2023;Norte;PA;Pará;Universidades Federais;ETDUFPA;Universidade Federal do Pará;
2023;Norte;RO;Rondônia;"Institutos Federais, Cefet's e Colégio Pedro II";IFRO;Instituto Federal de Rondônia;2051
2023;Norte;RR;Roraima;"Institutos Federais, Cefet's e Colégio Pedro II";IFRR;Instituto Federal de Roraima;652
2023;Norte;RR;Roraima;Universidades Federais;UFRR - EAGRO;Universidade Federal de Roraima;
2023;Norte;TO;Tocantins;"Institutos Federais, Cefet's e Colégio Pedro II";IFTO;Instituto Federal do Tocantins;2296
2023;Sudeste;ES;Espírito Santo;"Institutos Federais, Cefet's e Colégio Pedro II";IFES;Instituto Federal do Espírito Santo;3178
2023;Sudeste;MG;Minas Gerais;"Institutos Federais, Cefet's e Colégio Pedro II";CEFET-MG;Centro Federal de Educação Tecnológica de Minas Gerais;1563
2023;Sudeste;MG;Minas Gerais;"Institutos Federais, Cefet's e Colégio Pedro II";IF SUDESTE MG;Instituto Federal do Sudeste de Minas Gerais;1621
2023;Sudeste;MG;Minas Gerais;"Institutos Federais, Cefet's e Colégio Pedro II";IFMG;Instituto Federal de Minas Gerais;2208
2023;Sudeste;MG;Minas Gerais;"Institutos Federais, Cefet's e Colégio Pedro II";IFNMG;Instituto Federal do Norte de Minas Gerais;1757
2023;Sudeste;MG;Minas Gerais;"Institutos Federais, Cefet's e Colégio Pedro II";IFSULDEMINAS;Instituto Federal do Sul de Minas Gerais;2157
2023;Sudeste;MG;Minas Gerais;"Institutos Federais, Cefet's e Colégio Pedro II";IFTM;Instituto Federal do Triângulo Mineiro;1527
2023;Sudeste;MG;Minas Gerais;Universidades Federais;UFMG - COLTEC;Universidade Federal de Minas Gerais;
2023;Sudeste;MG;Minas Gerais;Universidades Federais;UFMG - TU;Universidade Federal de Minas Gerais;
2023;Sudeste;MG;Minas Gerais;Universidades Federais;UFTM-CEFORES;Universidade Federal do Triângulo Mineiro;
2023;Sudeste;MG;Minas Gerais;Universidades Federais;UFU - ESTES;Universidade Federal de Uberlândia;
2023;Sudeste;MG;Minas Gerais;Universidades Federais;UFV - CEDAF;Universidade Federal de Viçosa;
2023;Sudeste;RJ;Rio de Janeiro;"Institutos Federais, Cefet's e Colégio Pedro II";CEFET-RJ;Centro Federal de Educação Tecnológica Celso Suckow da Fonseca;2839
2023;Sudeste;RJ;Rio de Janeiro;"Institutos Federais, Cefet's e Colégio Pedro II";CPII;Colégio Pedro II;178
2023;Sudeste;RJ;Rio de Janeiro;"Institutos Federais, Cefet's e Colégio Pedro II";IFF;Instituto Federal Fluminense;1767
2023;Sudeste;RJ;Rio de Janeiro;"Institutos Federais, Cefet's e Colégio Pedro II";IFRJ;Instituto Federal do Rio de Janeiro;1540
2023;Sudeste;RJ;Rio de Janeiro;Universidades Federais;UFRRJ - CTUR;Universidade Federal Rural do Rio de Janeiro;
2023;Sudeste;SP;São Paulo;"Institutos Federais, Cefet's e Colégio Pedro II";IFSP;Instituto Federal de São Paulo;6542
2023;Sul;PR;Paraná;"Institutos Federais, Cefet's e Colégio Pedro II";IFPR;Instituto Federal do Paraná;2689
2023;Sul;RS;Rio Grande do Sul;"Institutos Federais, Cefet's e Colégio Pedro II";IF FARROUPILHA;Instituto Federal Farroupilha;2019
2023;Sul;RS;Rio Grande do Sul;"Institutos Federais, Cefet's e Colégio Pedro II";IFRS;Instituto Federal do Rio Grande do Sul;2772
2023;Sul;RS;Rio Grande do Sul;"Institutos Federais, Cefet's e Colégio Pedro II";IFSUL;Instituto Federal Sul-rio-grandense;2203
2023;Sul;RS;Rio Grande do Sul;Universidades Federais;UFSM - CTISM;Universidade Federal de Santa Maria;153
2023;Sul;RS;Rio Grande do Sul;Universidades Federais;UFSM - POLITÉCNICO;Universidade Federal de Santa Maria;276
2023;Sul;SC;Santa Catarina;"Institutos Federais, Cefet's e Colégio Pedro II";IFC;Instituto Federal Catarinense;1894
2023;Sul;SC;Santa Catarina;"Institutos Federais, Cefet's e Colégio Pedro II";IFSC;Instituto Federal de Santa Catarina;3264
2022;Centro-Oeste;DF;Distrito Federal;"Institutos Federais, Cefet's e Colégio Pedro II";IFB;Instituto Federal de Brasília;1869
2022;Centro-Oeste;GO;Goiás;"Institutos Federais, Cefet's e Colégio Pedro II";IF GOIANO;Instituto Federal Goiano;1834
2022;Centro-Oeste;GO;Goiás;"Institutos Federais, Cefet's e Colégio Pedro II";IFG;Instituto Federal de Goiás;2398
2022;Centro-Oeste;MS;Mato Grosso do Sul;"Institutos Federais, Cefet's e Colégio Pedro II";IFMS;Instituto Federal do Mato Grosso do Sul;1313
2022;Centro-Oeste;MT;Mato Grosso;"Institutos Federais, Cefet's e Colégio Pedro II";IFMT;Instituto Federal do Mato Grosso;2204
2022;Nordeste;AL;Alagoas;"Institutos Federais, Cefet's e Colégio Pedro II";IFAL;Instituto Federal de Alagoas;1504
2022;Nordeste;AL;Alagoas;Universidades Federais;UFAL - ETA;Universidade Federal de Alagoas;
2022;Nordeste;BA;Bahia;"Institutos Federais, Cefet's e Colégio Pedro II";IF BAIANO;Instituto Federal Baiano;772
2022;Nordeste;BA;Bahia;"Institutos Federais, Cefet's e Colégio Pedro II";IFBA;Instituto Federal da Bahia;2749
2022;Nordeste;CE;Ceará;"Institutos Federais, Cefet's e Colégio Pedro II";IFCE;Instituto Federal do Ceará;6222
2022;Nordeste;MA;Maranhão;"Institutos Federais, Cefet's e Colégio Pedro II";IFMA;Instituto Federal do Maranhão;2134
2022;Nordeste;MA;Maranhão;Universidades Federais;UFMA - COLUN;Universidade Federal do Maranhão;
2022;Nordeste;PB;Paraíba;"Institutos Federais, Cefet's e Colégio Pedro II";IFPB;Instituto Federal da Paraíba;3645
2022;Nordeste;PB;Paraíba;Universidades Federais;UFCG - ETSC;Universidade Federal de Campina Grande;
2022;Nordeste;PB;Paraíba;Universidades Federais;UFPB - CAVN;Universidade Federal da Paraíba;
2022;Nordeste;PB;Paraíba;Universidades Federais;UFPB - ETS;Universidade Federal da Paraíba;
2022;Nordeste;PE;Pernambuco;"Institutos Federais, Cefet's e Colégio Pedro II";IF SERTÃO-PE;Instituto Federal do Sertão Pernambucano;861
2022;Nordeste;PE;Pernambuco;"Institutos Federais, Cefet's e Colégio Pedro II";IFPE;Instituto Federal de Pernambuco;2162
2022;Nordeste;PE;Pernambuco;Universidades Federais;UFRPE - CODAI;Universidade Federal Rural de Pernambuco;
2022;Nordeste;PI;Piauí;"Institutos Federais, Cefet's e Colégio Pedro II";IFPI;Instituto Federal do Piauí;2497
2022;Nordeste;PI;Piauí;Universidades Federais;UFPI - CTBJ;Universidade Federal do Piauí;
2022;Nordeste;PI;Piauí;Universidades Federais;UFPI - CTF;Universidade Federal do Piauí;
2022;Nordeste;PI;Piauí;Universidades Federais;UFPI-CAT;Universidade Federal do Piauí;
2022;Nordeste;RN;Rio Grande do Norte;"Institutos Federais, Cefet's e Colégio Pedro II";IFRN;Instituto Federal do Rio Grande do Norte;2238
2022;Nordeste;RN;Rio Grande do Norte;Universidades Federais;ESUFRN;Universidade Federal do Rio Grande do Norte;92
2022;Nordeste;RN;Rio Grande do Norte;Universidades Federais;UFRN - EAJ;Universidade Federal do Rio Grande do Norte;
2022;Nordeste;RN;Rio Grande do Norte;Universidades Federais;UFRN - MÚSICA;Universidade Federal do Rio Grande do Norte;
2022;Nordeste;SE;Sergipe;"Institutos Federais, Cefet's e Colégio Pedro II";IFS;Instituto Federal de Sergipe;990
2022;Norte;AC;Acre;"Institutos Federais, Cefet's e Colégio Pedro II";IFAC;Instituto Federal do Acre;601
2022;Norte;AM;Amazonas;"Institutos Federais, Cefet's e Colégio Pedro II";IFAM;Instituto Federal do Amazonas;794
2022;Norte;AP;Amapá;"Institutos Federais, Cefet's e Colégio Pedro II";IFAP;Instituto Federal do Amapá;333
2022;Norte;PA;Pará;"Institutos Federais, Cefet's e Colégio Pedro II";IFPA;Instituto Federal do Pará;2314
2022;Norte;PA;Pará;Universidades Federais;EMUFPA;Universidade Federal do Pará;
2022;Norte;PA;Pará;Universidades Federais;ETDUFPA;Universidade Federal do Pará;
2022;Norte;RO;Rondônia;"Institutos Federais, Cefet's e Colégio Pedro II";IFRO;Instituto Federal de Rondônia;2129
2022;Norte;RR;Roraima;"Institutos Federais, Cefet's e Colégio Pedro II";IFRR;Instituto Federal de Roraima;835
2022;Norte;RR;Roraima;Universidades Federais;UFRR - EAGRO;Universidade Federal de Roraima;
2022;Norte;TO;Tocantins;"Institutos Federais, Cefet's e Colégio Pedro II";IFTO;Instituto Federal do Tocantins;2699
2022;Sudeste;ES;Espírito Santo;"Institutos Federais, Cefet's e Colégio Pedro II";IFES;Instituto Federal do Espírito Santo;2596
2022;Sudeste;MG;Minas Gerais;"Institutos Federais, Cefet's e Colégio Pedro II";CEFET-MG;Centro Federal de Educação Tecnológica de Minas Gerais;1516
2022;Sudeste;MG;Minas Gerais;"Institutos Federais, Cefet's e Colégio Pedro II";IF SUDESTE MG;Instituto Federal do Sudeste de Minas Gerais;1586
2022;Sudeste;MG;Minas Gerais;"Institutos Federais, Cefet's e Colégio Pedro II";IFMG;Instituto Federal de Minas Gerais;2342
2022;Sudeste;MG;Minas Gerais;"Institutos Federais, Cefet's e Colégio Pedro II";IFNMG;Instituto Federal do Norte de Minas Gerais;1376
2022;Sudeste;MG;Minas Gerais;"Institutos Federais, Cefet's e Colégio Pedro II";IFSULDEMINAS;Instituto Federal do Sul de Minas Gerais;1778
2022;Sudeste;MG;Minas Gerais;"Institutos Federais, Cefet's e Colégio Pedro II";IFTM;Instituto Federal do Triângulo Mineiro;1788
2022;Sudeste;MG;Minas Gerais;Universidades Federais;UFMG - COLTEC;Universidade Federal de Minas Gerais;
2022;Sudeste;MG;Minas Gerais;Universidades Federais;UFMG - TU;Universidade Federal de Minas Gerais;
2022;Sudeste;MG;Minas Gerais;Universidades Federais;UFTM-CEFORES;Universidade Federal do Triângulo Mineiro;
2022;Sudeste;MG;Minas Gerais;Universidades Federais;UFU - ESTES;Universidade Federal de Uberlândia;
2022;Sudeste;MG;Minas Gerais;Universidades Federais;UFV - CEDAF;Universidade Federal de Viçosa;
2022;Sudeste;RJ;Rio de Janeiro;"Institutos Federais, Cefet's e Colégio Pedro II";CEFET-RJ;Centro Federal de Educação Tecnológica Celso Suckow da Fonseca;2929
2022;Sudeste;RJ;Rio de Janeiro;"Institutos Federais, Cefet's e Colégio Pedro II";CPII;Colégio Pedro II;160
2022;Sudeste;RJ;Rio de Janeiro;"Institutos Federais, Cefet's e Colégio Pedro II";IFF;Instituto Federal Fluminense;2083
2022;Sudeste;RJ;Rio de Janeiro;"Institutos Federais, Cefet's e Colégio Pedro II";IFRJ;Instituto Federal do Rio de Janeiro;1622
2022;Sudeste;RJ;Rio de Janeiro;Universidades Federais;UFRRJ - CTUR;Universidade Federal Rural do Rio de Janeiro;
2022;Sudeste;SP;São Paulo;"Institutos Federais, Cefet's e Colégio Pedro II";IFSP;Instituto Federal de São Paulo;6434
2022;Sul;PR;Paraná;"Institutos Federais, Cefet's e Colégio Pedro II";IFPR;Instituto Federal do Paraná;2720
2022;Sul;RS;Rio Grande do Sul;"Institutos Federais, Cefet's e Colégio Pedro II";IF FARROUPILHA;Instituto Federal Farroupilha;2000
2022;Sul;RS;Rio Grande do Sul;"Institutos Federais, Cefet's e Colégio Pedro II";IFRS;Instituto Federal do Rio Grande do Sul;2631
2022;Sul;RS;Rio Grande do Sul;"Institutos Federais, Cefet's e Colégio Pedro II";IFSUL;Instituto Federal Sul-rio-grandense;1421
2022;Sul;RS;Rio Grande do Sul;Universidades Federais;UFSM - CTISM;Universidade Federal de Santa Maria;155
2022;Sul;RS;Rio Grande do Sul;Universidades Federais;UFSM - POLITÉCNICO;Universidade Federal de Santa Maria;170
2022;Sul;SC;Santa Catarina;"Institutos Federais, Cefet's e Colégio Pedro II";IFC;Instituto Federal Catarinense;1911
2022;Sul;SC;Santa Catarina;"Institutos Federais, Cefet's e Colégio Pedro II";IFSC;Instituto Federal de Santa Catarina;3170
2021;Centro-Oeste;DF;Distrito Federal;"Institutos Federais, Cefet's e Colégio Pedro II";IFB;Instituto Federal de Brasília;1510
2021;Centro-Oeste;GO;Goiás;"Institutos Federais, Cefet's e Colégio Pedro II";IF GOIANO;Instituto Federal Goiano;1936
2021;Centro-Oeste;GO;Goiás;"Institutos Federais, Cefet's e Colégio Pedro II";IFG;Instituto Federal de Goiás;2301
2021;Centro-Oeste;MS;Mato Grosso do Sul;"Institutos Federais, Cefet's e Colégio Pedro II";IFMS;Instituto Federal do Mato Grosso do Sul;1370
2021;Centro-Oeste;MT;Mato Grosso;"Institutos Federais, Cefet's e Colégio Pedro II";IFMT;Instituto Federal do Mato Grosso;2345
2021;Nordeste;AL;Alagoas;"Institutos Federais, Cefet's e Colégio Pedro II";IFAL;Instituto Federal de Alagoas;1189
2021;Nordeste;AL;Alagoas;Universidades Federais;UFAL - ETA;Universidade Federal de Alagoas;
2021;Nordeste;BA;Bahia;"Institutos Federais, Cefet's e Colégio Pedro II";IF BAIANO;Instituto Federal Baiano;870
2021;Nordeste;BA;Bahia;"Institutos Federais, Cefet's e Colégio Pedro II";IFBA;Instituto Federal da Bahia;2021
2021;Nordeste;CE;Ceará;"Institutos Federais, Cefet's e Colégio Pedro II";IFCE;Instituto Federal do Ceará;5944
2021;Nordeste;MA;Maranhão;"Institutos Federais, Cefet's e Colégio Pedro II";IFMA;Instituto Federal do Maranhão;2512
2021;Nordeste;MA;Maranhão;Universidades Federais;UFMA - COLUN;Universidade Federal do Maranhão;
2021;Nordeste;PB;Paraíba;"Institutos Federais, Cefet's e Colégio Pedro II";IFPB;Instituto Federal da Paraíba;5617
2021;Nordeste;PB;Paraíba;Universidades Federais;UFCG - ETSC;Universidade Federal de Campina Grande;
2021;Nordeste;PB;Paraíba;Universidades Federais;UFPB - CAVN;Universidade Federal da Paraíba;
2021;Nordeste;PB;Paraíba;Universidades Federais;UFPB - ETS;Universidade Federal da Paraíba;
2021;Nordeste;PE;Pernambuco;"Institutos Federais, Cefet's e Colégio Pedro II";IF SERTÃO-PE;Instituto Federal do Sertão Pernambucano;853
2021;Nordeste;PE;Pernambuco;"Institutos Federais, Cefet's e Colégio Pedro II";IFPE;Instituto Federal de Pernambuco;2209
2021;Nordeste;PE;Pernambuco;Universidades Federais;UFRPE - CODAI;Universidade Federal Rural de Pernambuco;
2021;Nordeste;PI;Piauí;"Institutos Federais, Cefet's e Colégio Pedro II";IFPI;Instituto Federal do Piauí;2193
2021;Nordeste;PI;Piauí;Universidades Federais;UFPI - CTBJ;Universidade Federal do Piauí;
2021;Nordeste;PI;Piauí;Universidades Federais;UFPI - CTF;Universidade Federal do Piauí;
2021;Nordeste;PI;Piauí;Universidades Federais;UFPI-CAT;Universidade Federal do Piauí;
2021;Nordeste;RN;Rio Grande do Norte;"Institutos Federais, Cefet's e Colégio Pedro II";IFRN;Instituto Federal do Rio Grande do Norte;2325
2021;Nordeste;RN;Rio Grande do Norte;Universidades Federais;ESUFRN;Universidade Federal do Rio Grande do Norte;147
2021;Nordeste;RN;Rio Grande do Norte;Universidades Federais;UFRN - EAJ;Universidade Federal do Rio Grande do Norte;
2021;Nordeste;RN;Rio Grande do Norte;Universidades Federais;UFRN - MÚSICA;Universidade Federal do Rio Grande do Norte;
2021;Nordeste;SE;Sergipe;"Institutos Federais, Cefet's e Colégio Pedro II";IFS;Instituto Federal de Sergipe;1442
2021;Norte;AC;Acre;"Institutos Federais, Cefet's e Colégio Pedro II";IFAC;Instituto Federal do Acre;766
2021;Norte;AM;Amazonas;"Institutos Federais, Cefet's e Colégio Pedro II";IFAM;Instituto Federal do Amazonas;321
2021;Norte;AP;Amapá;"Institutos Federais, Cefet's e Colégio Pedro II";IFAP;Instituto Federal do Amapá;536
2021;Norte;PA;Pará;"Institutos Federais, Cefet's e Colégio Pedro II";IFPA;Instituto Federal do Pará;1616
2021;Norte;PA;Pará;Universidades Federais;EMUFPA;Universidade Federal do Pará;
2021;Norte;PA;Pará;Universidades Federais;ETDUFPA;Universidade Federal do Pará;
2021;Norte;RO;Rondônia;"Institutos Federais, Cefet's e Colégio Pedro II";IFRO;Instituto Federal de Rondônia;2436
2021;Norte;RR;Roraima;"Institutos Federais, Cefet's e Colégio Pedro II";IFRR;Instituto Federal de Roraima;404
2021;Norte;RR;Roraima;Universidades Federais;UFRR - EAGRO;Universidade Federal de Roraima;
2021;Norte;TO;Tocantins;"Institutos Federais, Cefet's e Colégio Pedro II";IFTO;Instituto Federal do Tocantins;1739
2021;Sudeste;ES;Espírito Santo;"Institutos Federais, Cefet's e Colégio Pedro II";IFES;Instituto Federal do Espírito Santo;2803
2021;Sudeste;MG;Minas Gerais;"Institutos Federais, Cefet's e Colégio Pedro II";CEFET-MG;Centro Federal de Educação Tecnológica de Minas Gerais;2408
2021;Sudeste;MG;Minas Gerais;"Institutos Federais, Cefet's e Colégio Pedro II";IF SUDESTE MG;Instituto Federal do Sudeste de Minas Gerais;1542
2021;Sudeste;MG;Minas Gerais;"Institutos Federais, Cefet's e Colégio Pedro II";IFMG;Instituto Federal de Minas Gerais;2299
2021;Sudeste;MG;Minas Gerais;"Institutos Federais, Cefet's e Colégio Pedro II";IFNMG;Instituto Federal do Norte de Minas Gerais;1629
2021;Sudeste;MG;Minas Gerais;"Institutos Federais, Cefet's e Colégio Pedro II";IFSULDEMINAS;Instituto Federal do Sul de Minas Gerais;1773
2021;Sudeste;MG;Minas Gerais;"Institutos Federais, Cefet's e Colégio Pedro II";IFTM;Instituto Federal do Triângulo Mineiro;1127
2021;Sudeste;MG;Minas Gerais;Universidades Federais;UFMG - COLTEC;Universidade Federal de Minas Gerais;
2021;Sudeste;MG;Minas Gerais;Universidades Federais;UFMG - TU;Universidade Federal de Minas Gerais;
2021;Sudeste;MG;Minas Gerais;Universidades Federais;UFTM-CEFORES;Universidade Federal do Triângulo Mineiro;
2021;Sudeste;MG;Minas Gerais;Universidades Federais;UFU - ESTES;Universidade Federal de Uberlândia;
2021;Sudeste;MG;Minas Gerais;Universidades Federais;UFV - CEDAF;Universidade Federal de Viçosa;
2021;Sudeste;RJ;Rio de Janeiro;"Institutos Federais, Cefet's e Colégio Pedro II";CEFET-RJ;Centro Federal de Educação Tecnológica Celso Suckow da Fonseca;3327
2021;Sudeste;RJ;Rio de Janeiro;"Institutos Federais, Cefet's e Colégio Pedro II";CPII;Colégio Pedro II;160
2021;Sudeste;RJ;Rio de Janeiro;"Institutos Federais, Cefet's e Colégio Pedro II";IFF;Instituto Federal Fluminense;1309
2021;Sudeste;RJ;Rio de Janeiro;"Institutos Federais, Cefet's e Colégio Pedro II";IFRJ;Instituto Federal do Rio de Janeiro;1216
2021;Sudeste;RJ;Rio de Janeiro;Universidades Federais;UFRRJ - CTUR;Universidade Federal Rural do Rio de Janeiro;
2021;Sudeste;SP;São Paulo;"Institutos Federais, Cefet's e Colégio Pedro II";IFSP;Instituto Federal de São Paulo;7046
2021;Sul;PR;Paraná;"Institutos Federais, Cefet's e Colégio Pedro II";IFPR;Instituto Federal do Paraná;2248
2021;Sul;RS;Rio Grande do Sul;"Institutos Federais, Cefet's e Colégio Pedro II";IF FARROUPILHA;Instituto Federal Farroupilha;2107
2021;Sul;RS;Rio Grande do Sul;"Institutos Federais, Cefet's e Colégio Pedro II";IFRS;Instituto Federal do Rio Grande do Sul;1137
2021;Sul;RS;Rio Grande do Sul;"Institutos Federais, Cefet's e Colégio Pedro II";IFSUL;Instituto Federal Sul-rio-grandense;1253
2021;Sul;RS;Rio Grande do Sul;Universidades Federais;UFSM - CTISM;Universidade Federal de Santa Maria;118
2021;Sul;RS;Rio Grande do Sul;Universidades Federais;UFSM - POLITÉCNICO;Universidade Federal de Santa Maria;181
2021;Sul;SC;Santa Catarina;"Institutos Federais, Cefet's e Colégio Pedro II";IFC;Instituto Federal Catarinense;1862
2021;Sul;SC;Santa Catarina;"Institutos Federais, Cefet's e Colégio Pedro II";IFSC;Instituto Federal de Santa Catarina;3080
2020;Centro-Oeste;DF;Distrito Federal;"Institutos Federais, Cefet's e Colégio Pedro II";IFB;Instituto Federal de Brasília;1654
2020;Centro-Oeste;GO;Goiás;"Institutos Federais, Cefet's e Colégio Pedro II";IF GOIANO;Instituto Federal Goiano;2022
2020;Centro-Oeste;GO;Goiás;"Institutos Federais, Cefet's e Colégio Pedro II";IFG;Instituto Federal de Goiás;1723
2020;Centro-Oeste;MS;Mato Grosso do Sul;"Institutos Federais, Cefet's e Colégio Pedro II";IFMS;Instituto Federal do Mato Grosso do Sul;1095
2020;Centro-Oeste;MT;Mato Grosso;"Institutos Federais, Cefet's e Colégio Pedro II";IFMT;Instituto Federal do Mato Grosso;1864
2020;Nordeste;AL;Alagoas;"Institutos Federais, Cefet's e Colégio Pedro II";IFAL;Instituto Federal de Alagoas;1240
2020;Nordeste;AL;Alagoas;Universidades Federais;UFAL - ETA;Universidade Federal de Alagoas;
2020;Nordeste;BA;Bahia;"Institutos Federais, Cefet's e Colégio Pedro II";IF BAIANO;Instituto Federal Baiano;859
2020;Nordeste;BA;Bahia;"Institutos Federais, Cefet's e Colégio Pedro II";IFBA;Instituto Federal da Bahia;1954
2020;Nordeste;CE;Ceará;"Institutos Federais, Cefet's e Colégio Pedro II";IFCE;Instituto Federal do Ceará;4671
2020;Nordeste;MA;Maranhão;"Institutos Federais, Cefet's e Colégio Pedro II";IFMA;Instituto Federal do Maranhão;2148
2020;Nordeste;MA;Maranhão;Universidades Federais;UFMA - COLUN;Universidade Federal do Maranhão;
2020;Nordeste;PB;Paraíba;"Institutos Federais, Cefet's e Colégio Pedro II";IFPB;Instituto Federal da Paraíba;1621
2020;Nordeste;PB;Paraíba;Universidades Federais;UFCG - ETSC;Universidade Federal de Campina Grande;
2020;Nordeste;PB;Paraíba;Universidades Federais;UFPB - CAVN;Universidade Federal da Paraíba;
2020;Nordeste;PB;Paraíba;Universidades Federais;UFPB - ETS;Universidade Federal da Paraíba;
2020;Nordeste;PE;Pernambuco;"Institutos Federais, Cefet's e Colégio Pedro II";IF SERTÃO-PE;Instituto Federal do Sertão Pernambucano;844
2020;Nordeste;PE;Pernambuco;"Institutos Federais, Cefet's e Colégio Pedro II";IFPE;Instituto Federal de Pernambuco;1279
2020;Nordeste;PE;Pernambuco;Universidades Federais;UFRPE - CODAI;Universidade Federal Rural de Pernambuco;
2020;Nordeste;PI;Piauí;"Institutos Federais, Cefet's e Colégio Pedro II";IFPI;Instituto Federal do Piauí;2233
2020;Nordeste;PI;Piauí;Universidades Federais;UFPI - CTBJ;Universidade Federal do Piauí;
2020;Nordeste;PI;Piauí;Universidades Federais;UFPI - CTF;Universidade Federal do Piauí;
2020;Nordeste;PI;Piauí;Universidades Federais;UFPI-CAT;Universidade Federal do Piauí;
2020;Nordeste;RN;Rio Grande do Norte;"Institutos Federais, Cefet's e Colégio Pedro II";IFRN;Instituto Federal do Rio Grande do Norte;2014
2020;Nordeste;RN;Rio Grande do Norte;Universidades Federais;ESUFRN;Universidade Federal do Rio Grande do Norte;45
2020;Nordeste;RN;Rio Grande do Norte;Universidades Federais;UFRN - EAJ;Universidade Federal do Rio Grande do Norte;
2020;Nordeste;RN;Rio Grande do Norte;Universidades Federais;UFRN - MÚSICA;Universidade Federal do Rio Grande do Norte;
2020;Nordeste;SE;Sergipe;"Institutos Federais, Cefet's e Colégio Pedro II";IFS;Instituto Federal de Sergipe;692
2020;Norte;AC;Acre;"Institutos Federais, Cefet's e Colégio Pedro II";IFAC;Instituto Federal do Acre;520
2020;Norte;AM;Amazonas;"Institutos Federais, Cefet's e Colégio Pedro II";IFAM;Instituto Federal do Amazonas;845
2020;Norte;AP;Amapá;"Institutos Federais, Cefet's e Colégio Pedro II";IFAP;Instituto Federal do Amapá;670
2020;Norte;PA;Pará;"Institutos Federais, Cefet's e Colégio Pedro II";IFPA;Instituto Federal do Pará;1575
2020;Norte;PA;Pará;Universidades Federais;EMUFPA;Universidade Federal do Pará;
2020;Norte;PA;Pará;Universidades Federais;ETDUFPA;Universidade Federal do Pará;
2020;Norte;RO;Rondônia;"Institutos Federais, Cefet's e Colégio Pedro II";IFRO;Instituto Federal de Rondônia;2046
2020;Norte;RR;Roraima;"Institutos Federais, Cefet's e Colégio Pedro II";IFRR;Instituto Federal de Roraima;363
2020;Norte;RR;Roraima;Universidades Federais;UFRR - EAGRO;Universidade Federal de Roraima;
2020;Norte;TO;Tocantins;"Institutos Federais, Cefet's e Colégio Pedro II";IFTO;Instituto Federal do Tocantins;1956
2020;Sudeste;ES;Espírito Santo;"Institutos Federais, Cefet's e Colégio Pedro II";IFES;Instituto Federal do Espírito Santo;1848
2020;Sudeste;MG;Minas Gerais;"Institutos Federais, Cefet's e Colégio Pedro II";CEFET-MG;Centro Federal de Educação Tecnológica de Minas Gerais;884
2020;Sudeste;MG;Minas Gerais;"Institutos Federais, Cefet's e Colégio Pedro II";IF SUDESTE MG;Instituto Federal do Sudeste de Minas Gerais;1287
2020;Sudeste;MG;Minas Gerais;"Institutos Federais, Cefet's e Colégio Pedro II";IFMG;Instituto Federal de Minas Gerais;2128
2020;Sudeste;MG;Minas Gerais;"Institutos Federais, Cefet's e Colégio Pedro II";IFNMG;Instituto Federal do Norte de Minas Gerais;1839
2020;Sudeste;MG;Minas Gerais;"Institutos Federais, Cefet's e Colégio Pedro II";IFSULDEMINAS;Instituto Federal do Sul de Minas Gerais;1804
2020;Sudeste;MG;Minas Gerais;"Institutos Federais, Cefet's e Colégio Pedro II";IFTM;Instituto Federal do Triângulo Mineiro;1143
2020;Sudeste;MG;Minas Gerais;Universidades Federais;UFMG - COLTEC;Universidade Federal de Minas Gerais;
2020;Sudeste;MG;Minas Gerais;Universidades Federais;UFMG - TU;Universidade Federal de Minas Gerais;
2020;Sudeste;MG;Minas Gerais;Universidades Federais;UFTM-CEFORES;Universidade Federal do Triângulo Mineiro;
2020;Sudeste;MG;Minas Gerais;Universidades Federais;UFU - ESTES;Universidade Federal de Uberlândia;
2020;Sudeste;MG;Minas Gerais;Universidades Federais;UFV - CEDAF;Universidade Federal de Viçosa;
2020;Sudeste;RJ;Rio de Janeiro;"Institutos Federais, Cefet's e Colégio Pedro II";CEFET-RJ;Centro Federal de Educação Tecnológica Celso Suckow da Fonseca;1977
2020;Sudeste;RJ;Rio de Janeiro;"Institutos Federais, Cefet's e Colégio Pedro II";CPII;Colégio Pedro II;160
2020;Sudeste;RJ;Rio de Janeiro;"Institutos Federais, Cefet's e Colégio Pedro II";IFF;Instituto Federal Fluminense;970
2020;Sudeste;RJ;Rio de Janeiro;"Institutos Federais, Cefet's e Colégio Pedro II";IFRJ;Instituto Federal do Rio de Janeiro;753
2020;Sudeste;RJ;Rio de Janeiro;Universidades Federais;UFRRJ - CTUR;Universidade Federal Rural do Rio de Janeiro;
2020;Sudeste;SP;São Paulo;"Institutos Federais, Cefet's e Colégio Pedro II";IFSP;Instituto Federal de São Paulo;5823
2020;Sul;PR;Paraná;"Institutos Federais, Cefet's e Colégio Pedro II";IFPR;Instituto Federal do Paraná;2843
2020;Sul;RS;Rio Grande do Sul;"Institutos Federais, Cefet's e Colégio Pedro II";IF FARROUPILHA;Instituto Federal Farroupilha;1657
2020;Sul;RS;Rio Grande do Sul;"Institutos Federais, Cefet's e Colégio Pedro II";IFRS;Instituto Federal do Rio Grande do Sul;2142
2020;Sul;RS;Rio Grande do Sul;"Institutos Federais, Cefet's e Colégio Pedro II";IFSUL;Instituto Federal Sul-rio-grandense;1129
2020;Sul;RS;Rio Grande do Sul;Universidades Federais;UFSM - CTISM;Universidade Federal de Santa Maria;112
2020;Sul;RS;Rio Grande do Sul;Universidades Federais;UFSM - POLITÉCNICO;Universidade Federal de Santa Maria;170
2020;Sul;SC;Santa Catarina;"Institutos Federais, Cefet's e Colégio Pedro II";IFC;Instituto Federal Catarinense;1896
2020;Sul;SC;Santa Catarina;"Institutos Federais, Cefet's e Colégio Pedro II";IFSC;Instituto Federal de Santa Catarina;2867
2019;Centro-Oeste;DF;Distrito Federal;"Institutos Federais, Cefet's e Colégio Pedro II";IFB;Instituto Federal de Brasília;2032
2019;Centro-Oeste;GO;Goiás;"Institutos Federais, Cefet's e Colégio Pedro II";IF GOIANO;Instituto Federal Goiano;2380
2019;Centro-Oeste;GO;Goiás;"Institutos Federais, Cefet's e Colégio Pedro II";IFG;Instituto Federal de Goiás;2851
2019;Centro-Oeste;MS;Mato Grosso do Sul;"Institutos Federais, Cefet's e Colégio Pedro II";IFMS;Instituto Federal do Mato Grosso do Sul;1191
2019;Centro-Oeste;MT;Mato Grosso;"Institutos Federais, Cefet's e Colégio Pedro II";IFMT;Instituto Federal do Mato Grosso;2522
2019;Nordeste;AL;Alagoas;"Institutos Federais, Cefet's e Colégio Pedro II";IFAL;Instituto Federal de Alagoas;1164
2019;Nordeste;AL;Alagoas;Universidades Federais;UFAL - ETA;Universidade Federal de Alagoas;
2019;Nordeste;BA;Bahia;"Institutos Federais, Cefet's e Colégio Pedro II";IF BAIANO;Instituto Federal Baiano;765
2019;Nordeste;BA;Bahia;"Institutos Federais, Cefet's e Colégio Pedro II";IFBA;Instituto Federal da Bahia;2816
2019;Nordeste;CE;Ceará;"Institutos Federais, Cefet's e Colégio Pedro II";IFCE;Instituto Federal do Ceará;6784
2019;Nordeste;MA;Maranhão;"Institutos Federais, Cefet's e Colégio Pedro II";IFMA;Instituto Federal do Maranhão;2056
2019;Nordeste;MA;Maranhão;Universidades Federais;UFMA - COLUN;Universidade Federal do Maranhão;
2019;Nordeste;PB;Paraíba;"Institutos Federais, Cefet's e Colégio Pedro II";IFPB;Instituto Federal da Paraíba;3747
2019;Nordeste;PB;Paraíba;Universidades Federais;UFCG - ETSC;Universidade Federal de Campina Grande;
2019;Nordeste;PB;Paraíba;Universidades Federais;UFPB - CAVN;Universidade Federal da Paraíba;
2019;Nordeste;PB;Paraíba;Universidades Federais;UFPB - ETS;Universidade Federal da Paraíba;
2019;Nordeste;PE;Pernambuco;"Institutos Federais, Cefet's e Colégio Pedro II";IF SERTÃO-PE;Instituto Federal do Sertão Pernambucano;840
2019;Nordeste;PE;Pernambuco;"Institutos Federais, Cefet's e Colégio Pedro II";IFPE;Instituto Federal de Pernambuco;1892
2019;Nordeste;PE;Pernambuco;Universidades Federais;UFRPE - CODAI;Universidade Federal Rural de Pernambuco;
2019;Nordeste;PI;Piauí;"Institutos Federais, Cefet's e Colégio Pedro II";IFPI;Instituto Federal do Piauí;2724
2019;Nordeste;PI;Piauí;Universidades Federais;UFPI - CTBJ;Universidade Federal do Piauí;
2019;Nordeste;PI;Piauí;Universidades Federais;UFPI - CTF;Universidade Federal do Piauí;
2019;Nordeste;PI;Piauí;Universidades Federais;UFPI-CAT;Universidade Federal do Piauí;
2019;Nordeste;RN;Rio Grande do Norte;"Institutos Federais, Cefet's e Colégio Pedro II";IFRN;Instituto Federal do Rio Grande do Norte;2057
2019;Nordeste;RN;Rio Grande do Norte;Universidades Federais;ESUFRN;Universidade Federal do Rio Grande do Norte;98
2019;Nordeste;RN;Rio Grande do Norte;Universidades Federais;UFRN - EAJ;Universidade Federal do Rio Grande do Norte;
2019;Nordeste;RN;Rio Grande do Norte;Universidades Federais;UFRN - MÚSICA;Universidade Federal do Rio Grande do Norte;
2019;Nordeste;SE;Sergipe;"Institutos Federais, Cefet's e Colégio Pedro II";IFS;Instituto Federal de Sergipe;944
2019;Norte;AC;Acre;"Institutos Federais, Cefet's e Colégio Pedro II";IFAC;Instituto Federal do Acre;734
2019;Norte;AM;Amazonas;"Institutos Federais, Cefet's e Colégio Pedro II";IFAM;Instituto Federal do Amazonas;814
2019;Norte;AP;Amapá;"Institutos Federais, Cefet's e Colégio Pedro II";IFAP;Instituto Federal do Amapá;1149
2019;Norte;PA;Pará;"Institutos Federais, Cefet's e Colégio Pedro II";IFPA;Instituto Federal do Pará;1498
2019;Norte;PA;Pará;Universidades Federais;EMUFPA;Universidade Federal do Pará;
2019;Norte;PA;Pará;Universidades Federais;ETDUFPA;Universidade Federal do Pará;
2019;Norte;RO;Rondônia;"Institutos Federais, Cefet's e Colégio Pedro II";IFRO;Instituto Federal de Rondônia;1355
2019;Norte;RR;Roraima;"Institutos Federais, Cefet's e Colégio Pedro II";IFRR;Instituto Federal de Roraima;426
2019;Norte;RR;Roraima;Universidades Federais;UFRR - EAGRO;Universidade Federal de Roraima;
2019;Norte;TO;Tocantins;"Institutos Federais, Cefet's e Colégio Pedro II";IFTO;Instituto Federal do Tocantins;1701
2019;Sudeste;ES;Espírito Santo;"Institutos Federais, Cefet's e Colégio Pedro II";IFES;Instituto Federal do Espírito Santo;2192
2019;Sudeste;MG;Minas Gerais;"Institutos Federais, Cefet's e Colégio Pedro II";CEFET-MG;Centro Federal de Educação Tecnológica de Minas Gerais;1753
2019;Sudeste;MG;Minas Gerais;"Institutos Federais, Cefet's e Colégio Pedro II";IF SUDESTE MG;Instituto Federal do Sudeste de Minas Gerais;1556
2019;Sudeste;MG;Minas Gerais;"Institutos Federais, Cefet's e Colégio Pedro II";IFMG;Instituto Federal de Minas Gerais;2357
2019;Sudeste;MG;Minas Gerais;"Institutos Federais, Cefet's e Colégio Pedro II";IFNMG;Instituto Federal do Norte de Minas Gerais;2024
2019;Sudeste;MG;Minas Gerais;"Institutos Federais, Cefet's e Colégio Pedro II";IFSULDEMINAS;Instituto Federal do Sul de Minas Gerais;1807
2019;Sudeste;MG;Minas Gerais;"Institutos Federais, Cefet's e Colégio Pedro II";IFTM;Instituto Federal do Triângulo Mineiro;1422
2019;Sudeste;MG;Minas Gerais;Universidades Federais;UFMG - COLTEC;Universidade Federal de Minas Gerais;
2019;Sudeste;MG;Minas Gerais;Universidades Federais;UFMG - TU;Universidade Federal de Minas Gerais;
2019;Sudeste;MG;Minas Gerais;Universidades Federais;UFTM-CEFORES;Universidade Federal do Triângulo Mineiro;
2019;Sudeste;MG;Minas Gerais;Universidades Federais;UFU - ESTES;Universidade Federal de Uberlândia;
2019;Sudeste;MG;Minas Gerais;Universidades Federais;UFV - CEDAF;Universidade Federal de Viçosa;
2019;Sudeste;RJ;Rio de Janeiro;"Institutos Federais, Cefet's e Colégio Pedro II";CEFET-RJ;Centro Federal de Educação Tecnológica Celso Suckow da Fonseca;3044
2019;Sudeste;RJ;Rio de Janeiro;"Institutos Federais, Cefet's e Colégio Pedro II";CPII;Colégio Pedro II;
2019;Sudeste;RJ;Rio de Janeiro;"Institutos Federais, Cefet's e Colégio Pedro II";IFF;Instituto Federal Fluminense;1563
2019;Sudeste;RJ;Rio de Janeiro;"Institutos Federais, Cefet's e Colégio Pedro II";IFRJ;Instituto Federal do Rio de Janeiro;1483
2019;Sudeste;RJ;Rio de Janeiro;Universidades Federais;UFRRJ - CTUR;Universidade Federal Rural do Rio de Janeiro;
2019;Sudeste;SP;São Paulo;"Institutos Federais, Cefet's e Colégio Pedro II";IFSP;Instituto Federal de São Paulo;6826
2019;Sul;PR;Paraná;"Institutos Federais, Cefet's e Colégio Pedro II";IFPR;Instituto Federal do Paraná;2582
2019;Sul;RS;Rio Grande do Sul;"Institutos Federais, Cefet's e Colégio Pedro II";IF FARROUPILHA;Instituto Federal Farroupilha;2233
2019;Sul;RS;Rio Grande do Sul;"Institutos Federais, Cefet's e Colégio Pedro II";IFRS;Instituto Federal do Rio Grande do Sul;2783
2019;Sul;RS;Rio Grande do Sul;"Institutos Federais, Cefet's e Colégio Pedro II";IFSUL;Instituto Federal Sul-rio-grandense;1431
2019;Sul;RS;Rio Grande do Sul;Universidades Federais;UFSM - CTISM;Universidade Federal de Santa Maria;162
2019;Sul;RS;Rio Grande do Sul;Universidades Federais;UFSM - POLITÉCNICO;Universidade Federal de Santa Maria;188
2019;Sul;SC;Santa Catarina;"Institutos Federais, Cefet's e Colégio Pedro II";IFC;Instituto Federal Catarinense;1827
2019;Sul;SC;Santa Catarina;"Institutos Federais, Cefet's e Colégio Pedro II";IFSC;Instituto Federal de Santa Catarina;3103
2018;Centro-Oeste;DF;Distrito Federal;"Institutos Federais, Cefet's e Colégio Pedro II";IFB;Instituto Federal de Brasília;1681
2018;Centro-Oeste;GO;Goiás;"Institutos Federais, Cefet's e Colégio Pedro II";IF GOIANO;Instituto Federal Goiano;2437
2018;Centro-Oeste;GO;Goiás;"Institutos Federais, Cefet's e Colégio Pedro II";IFG;Instituto Federal de Goiás;2708
2018;Centro-Oeste;MS;Mato Grosso do Sul;"Institutos Federais, Cefet's e Colégio Pedro II";IFMS;Instituto Federal do Mato Grosso do Sul;1212
2018;Centro-Oeste;MT;Mato Grosso;"Institutos Federais, Cefet's e Colégio Pedro II";IFMT;Instituto Federal do Mato Grosso;2807
2018;Nordeste;AL;Alagoas;"Institutos Federais, Cefet's e Colégio Pedro II";IFAL;Instituto Federal de Alagoas;999
2018;Nordeste;AL;Alagoas;Universidades Federais;UFAL - ETA;Universidade Federal de Alagoas;
2018;Nordeste;BA;Bahia;"Institutos Federais, Cefet's e Colégio Pedro II";IF BAIANO;Instituto Federal Baiano;699
2018;Nordeste;BA;Bahia;"Institutos Federais, Cefet's e Colégio Pedro II";IFBA;Instituto Federal da Bahia;2633
2018;Nordeste;CE;Ceará;"Institutos Federais, Cefet's e Colégio Pedro II";IFCE;Instituto Federal do Ceará;5967
2018;Nordeste;MA;Maranhão;"Institutos Federais, Cefet's e Colégio Pedro II";IFMA;Instituto Federal do Maranhão;2503
2018;Nordeste;MA;Maranhão;Universidades Federais;UFMA - COLUN;Universidade Federal do Maranhão;
2018;Nordeste;PB;Paraíba;"Institutos Federais, Cefet's e Colégio Pedro II";IFPB;Instituto Federal da Paraíba;3196
2018;Nordeste;PB;Paraíba;Universidades Federais;UFCG - ETSC;Universidade Federal de Campina Grande;
2018;Nordeste;PB;Paraíba;Universidades Federais;UFPB - CAVN;Universidade Federal da Paraíba;
2018;Nordeste;PB;Paraíba;Universidades Federais;UFPB - ETS;Universidade Federal da Paraíba;
2018;Nordeste;PE;Pernambuco;"Institutos Federais, Cefet's e Colégio Pedro II";IF SERTÃO-PE;Instituto Federal do Sertão Pernambucano;796
2018;Nordeste;PE;Pernambuco;"Institutos Federais, Cefet's e Colégio Pedro II";IFPE;Instituto Federal de Pernambuco;1166
2018;Nordeste;PE;Pernambuco;Universidades Federais;UFRPE - CODAI;Universidade Federal Rural de Pernambuco;
2018;Nordeste;PI;Piauí;"Institutos Federais, Cefet's e Colégio Pedro II";IFPI;Instituto Federal do Piauí;2255
2018;Nordeste;PI;Piauí;Universidades Federais;UFPI - CTBJ;Universidade Federal do Piauí;
2018;Nordeste;PI;Piauí;Universidades Federais;UFPI - CTF;Universidade Federal do Piauí;
2018;Nordeste;PI;Piauí;Universidades Federais;UFPI-CAT;Universidade Federal do Piauí;
2018;Nordeste;RN;Rio Grande do Norte;"Institutos Federais, Cefet's e Colégio Pedro II";IFRN;Instituto Federal do Rio Grande do Norte;2123
2018;Nordeste;RN;Rio Grande do Norte;Universidades Federais;ESUFRN;Universidade Federal do Rio Grande do Norte;90
2018;Nordeste;RN;Rio Grande do Norte;Universidades Federais;UFRN - EAJ;Universidade Federal do Rio Grande do Norte;
2018;Nordeste;RN;Rio Grande do Norte;Universidades Federais;UFRN - MÚSICA;Universidade Federal do Rio Grande do Norte;
2018;Nordeste;SE;Sergipe;"Institutos Federais, Cefet's e Colégio Pedro II";IFS;Instituto Federal de Sergipe;739
2018;Norte;AC;Acre;"Institutos Federais, Cefet's e Colégio Pedro II";IFAC;Instituto Federal do Acre;685
2018;Norte;AM;Amazonas;"Institutos Federais, Cefet's e Colégio Pedro II";IFAM;Instituto Federal do Amazonas;697
2018;Norte;AP;Amapá;"Institutos Federais, Cefet's e Colégio Pedro II";IFAP;Instituto Federal do Amapá;457
2018;Norte;PA;Pará;"Institutos Federais, Cefet's e Colégio Pedro II";IFPA;Instituto Federal do Pará;1657
2018;Norte;PA;Pará;Universidades Federais;EMUFPA;Universidade Federal do Pará;
2018;Norte;PA;Pará;Universidades Federais;ETDUFPA;Universidade Federal do Pará;
2018;Norte;RO;Rondônia;"Institutos Federais, Cefet's e Colégio Pedro II";IFRO;Instituto Federal de Rondônia;1158
2018;Norte;RR;Roraima;"Institutos Federais, Cefet's e Colégio Pedro II";IFRR;Instituto Federal de Roraima;404
2018;Norte;RR;Roraima;Universidades Federais;UFRR - EAGRO;Universidade Federal de Roraima;
2018;Norte;TO;Tocantins;"Institutos Federais, Cefet's e Colégio Pedro II";IFTO;Instituto Federal do Tocantins;1499
2018;Sudeste;ES;Espírito Santo;"Institutos Federais, Cefet's e Colégio Pedro II";IFES;Instituto Federal do Espírito Santo;2449
2018;Sudeste;MG;Minas Gerais;"Institutos Federais, Cefet's e Colégio Pedro II";CEFET-MG;Centro Federal de Educação Tecnológica de Minas Gerais;1582
2018;Sudeste;MG;Minas Gerais;"Institutos Federais, Cefet's e Colégio Pedro II";IF SUDESTE MG;Instituto Federal do Sudeste de Minas Gerais;1320
2018;Sudeste;MG;Minas Gerais;"Institutos Federais, Cefet's e Colégio Pedro II";IFMG;Instituto Federal de Minas Gerais;2116
2018;Sudeste;MG;Minas Gerais;"Institutos Federais, Cefet's e Colégio Pedro II";IFNMG;Instituto Federal do Norte de Minas Gerais;1337
2018;Sudeste;MG;Minas Gerais;"Institutos Federais, Cefet's e Colégio Pedro II";IFSULDEMINAS;Instituto Federal do Sul de Minas Gerais;1940
2018;Sudeste;MG;Minas Gerais;"Institutos Federais, Cefet's e Colégio Pedro II";IFTM;Instituto Federal do Triângulo Mineiro;1348
2018;Sudeste;MG;Minas Gerais;Universidades Federais;UFMG - COLTEC;Universidade Federal de Minas Gerais;
2018;Sudeste;MG;Minas Gerais;Universidades Federais;UFMG - TU;Universidade Federal de Minas Gerais;
2018;Sudeste;MG;Minas Gerais;Universidades Federais;UFTM-CEFORES;Universidade Federal do Triângulo Mineiro;
2018;Sudeste;MG;Minas Gerais;Universidades Federais;UFU - ESTES;Universidade Federal de Uberlândia;
2018;Sudeste;MG;Minas Gerais;Universidades Federais;UFV - CEDAF;Universidade Federal de Viçosa;
2018;Sudeste;RJ;Rio de Janeiro;"Institutos Federais, Cefet's e Colégio Pedro II";CEFET-RJ;Centro Federal de Educação Tecnológica Celso Suckow da Fonseca;2454
2018;Sudeste;RJ;Rio de Janeiro;"Institutos Federais, Cefet's e Colégio Pedro II";CPII;Colégio Pedro II;
2018;Sudeste;RJ;Rio de Janeiro;"Institutos Federais, Cefet's e Colégio Pedro II";IFF;Instituto Federal Fluminense;1369
2018;Sudeste;RJ;Rio de Janeiro;"Institutos Federais, Cefet's e Colégio Pedro II";IFRJ;Instituto Federal do Rio de Janeiro;1436
2018;Sudeste;RJ;Rio de Janeiro;Universidades Federais;UFRRJ - CTUR;Universidade Federal Rural do Rio de Janeiro;
2018;Sudeste;SP;São Paulo;"Institutos Federais, Cefet's e Colégio Pedro II";IFSP;Instituto Federal de São Paulo;6901
2018;Sul;PR;Paraná;"Institutos Federais, Cefet's e Colégio Pedro II";IFPR;Instituto Federal do Paraná;2245
2018;Sul;RS;Rio Grande do Sul;"Institutos Federais, Cefet's e Colégio Pedro II";IF FARROUPILHA;Instituto Federal Farroupilha;1809
2018;Sul;RS;Rio Grande do Sul;"Institutos Federais, Cefet's e Colégio Pedro II";IFRS;Instituto Federal do Rio Grande do Sul;2454
2018;Sul;RS;Rio Grande do Sul;"Institutos Federais, Cefet's e Colégio Pedro II";IFSUL;Instituto Federal Sul-rio-grandense;1827
2018;Sul;RS;Rio Grande do Sul;Universidades Federais;UFSM - CTISM;Universidade Federal de Santa Maria;113
2018;Sul;RS;Rio Grande do Sul;Universidades Federais;UFSM - POLITÉCNICO;Universidade Federal de Santa Maria;206
2018;Sul;SC;Santa Catarina;"Institutos Federais, Cefet's e Colégio Pedro II";IFC;Instituto Federal Catarinense;1795
2018;Sul;SC;Santa Catarina;"Institutos Federais, Cefet's e Colégio Pedro II";IFSC;Instituto Federal de Santa Catarina;3283
2017;Centro-Oeste;DF;Distrito Federal;"Institutos Federais, Cefet's e Colégio Pedro II";IFB;Instituto Federal de Brasília;1354
2017;Centro-Oeste;GO;Goiás;"Institutos Federais, Cefet's e Colégio Pedro II";IF GOIANO;Instituto Federal Goiano;1486
2017;Centro-Oeste;GO;Goiás;"Institutos Federais, Cefet's e Colégio Pedro II";IFG;Instituto Federal de Goiás;2162
2017;Centro-Oeste;MS;Mato Grosso do Sul;"Institutos Federais, Cefet's e Colégio Pedro II";IFMS;Instituto Federal do Mato Grosso do Sul;861
2017;Centro-Oeste;MT;Mato Grosso;"Institutos Federais, Cefet's e Colégio Pedro II";IFMT;Instituto Federal do Mato Grosso;4307
2017;Nordeste;AL;Alagoas;"Institutos Federais, Cefet's e Colégio Pedro II";IFAL;Instituto Federal de Alagoas;1324
2017;Nordeste;AL;Alagoas;Universidades Federais;UFAL - ETA;Universidade Federal de Alagoas;
2017;Nordeste;BA;Bahia;"Institutos Federais, Cefet's e Colégio Pedro II";IF BAIANO;Instituto Federal Baiano;663
2017;Nordeste;BA;Bahia;"Institutos Federais, Cefet's e Colégio Pedro II";IFBA;Instituto Federal da Bahia;2988
2017;Nordeste;CE;Ceará;"Institutos Federais, Cefet's e Colégio Pedro II";IFCE;Instituto Federal do Ceará;7111
2017;Nordeste;MA;Maranhão;"Institutos Federais, Cefet's e Colégio Pedro II";IFMA;Instituto Federal do Maranhão;1919
2017;Nordeste;MA;Maranhão;Universidades Federais;UFMA - COLUN;Universidade Federal do Maranhão;
2017;Nordeste;PB;Paraíba;"Institutos Federais, Cefet's e Colégio Pedro II";IFPB;Instituto Federal da Paraíba;3549
2017;Nordeste;PB;Paraíba;Universidades Federais;UFCG - ETSC;Universidade Federal de Campina Grande;
2017;Nordeste;PB;Paraíba;Universidades Federais;UFPB - CAVN;Universidade Federal da Paraíba;
2017;Nordeste;PB;Paraíba;Universidades Federais;UFPB - ETS;Universidade Federal da Paraíba;
2017;Nordeste;PE;Pernambuco;"Institutos Federais, Cefet's e Colégio Pedro II";IF SERTÃO-PE;Instituto Federal do Sertão Pernambucano;728
2017;Nordeste;PE;Pernambuco;"Institutos Federais, Cefet's e Colégio Pedro II";IFPE;Instituto Federal de Pernambuco;1727
2017;Nordeste;PE;Pernambuco;Universidades Federais;UFRPE - CODAI;Universidade Federal Rural de Pernambuco;
2017;Nordeste;PI;Piauí;"Institutos Federais, Cefet's e Colégio Pedro II";IFPI;Instituto Federal do Piauí;1951
2017;Nordeste;PI;Piauí;Universidades Federais;UFPI - CTBJ;Universidade Federal do Piauí;
2017;Nordeste;PI;Piauí;Universidades Federais;UFPI - CTF;Universidade Federal do Piauí;
2017;Nordeste;PI;Piauí;Universidades Federais;UFPI-CAT;Universidade Federal do Piauí;
2017;Nordeste;RN;Rio Grande do Norte;"Institutos Federais, Cefet's e Colégio Pedro II";IFRN;Instituto Federal do Rio Grande do Norte;2343
2017;Nordeste;RN;Rio Grande do Norte;Universidades Federais;ESUFRN;Universidade Federal do Rio Grande do Norte;90
2017;Nordeste;RN;Rio Grande do Norte;Universidades Federais;UFRN - EAJ;Universidade Federal do Rio Grande do Norte;
2017;Nordeste;RN;Rio Grande do Norte;Universidades Federais;UFRN - MÚSICA;Universidade Federal do Rio Grande do Norte;
2017;Nordeste;SE;Sergipe;"Institutos Federais, Cefet's e Colégio Pedro II";IFS;Instituto Federal de Sergipe;721
2017;Norte;AC;Acre;"Institutos Federais, Cefet's e Colégio Pedro II";IFAC;Instituto Federal do Acre;722
2017;Norte;AM;Amazonas;"Institutos Federais, Cefet's e Colégio Pedro II";IFAM;Instituto Federal do Amazonas;9068
2017;Norte;AP;Amapá;"Institutos Federais, Cefet's e Colégio Pedro II";IFAP;Instituto Federal do Amapá;472
2017;Norte;PA;Pará;"Institutos Federais, Cefet's e Colégio Pedro II";IFPA;Instituto Federal do Pará;1068
2017;Norte;PA;Pará;Universidades Federais;EMUFPA;Universidade Federal do Pará;
2017;Norte;PA;Pará;Universidades Federais;ETDUFPA;Universidade Federal do Pará;
2017;Norte;RO;Rondônia;"Institutos Federais, Cefet's e Colégio Pedro II";IFRO;Instituto Federal de Rondônia;1008
2017;Norte;RR;Roraima;"Institutos Federais, Cefet's e Colégio Pedro II";IFRR;Instituto Federal de Roraima;382
2017;Norte;RR;Roraima;Universidades Federais;UFRR - EAGRO;Universidade Federal de Roraima;
2017;Norte;TO;Tocantins;"Institutos Federais, Cefet's e Colégio Pedro II";IFTO;Instituto Federal do Tocantins;1481
2017;Sudeste;ES;Espírito Santo;"Institutos Federais, Cefet's e Colégio Pedro II";IFES;Instituto Federal do Espírito Santo;3489
2017;Sudeste;MG;Minas Gerais;"Institutos Federais, Cefet's e Colégio Pedro II";CEFET-MG;Centro Federal de Educação Tecnológica de Minas Gerais;1444
2017;Sudeste;MG;Minas Gerais;"Institutos Federais, Cefet's e Colégio Pedro II";IF SUDESTE MG;Instituto Federal do Sudeste de Minas Gerais;1193
2017;Sudeste;MG;Minas Gerais;"Institutos Federais, Cefet's e Colégio Pedro II";IFMG;Instituto Federal de Minas Gerais;1834
2017;Sudeste;MG;Minas Gerais;"Institutos Federais, Cefet's e Colégio Pedro II";IFNMG;Instituto Federal do Norte de Minas Gerais;1993
2017;Sudeste;MG;Minas Gerais;"Institutos Federais, Cefet's e Colégio Pedro II";IFSULDEMINAS;Instituto Federal do Sul de Minas Gerais;1891
2017;Sudeste;MG;Minas Gerais;"Institutos Federais, Cefet's e Colégio Pedro II";IFTM;Instituto Federal do Triângulo Mineiro;1488
2017;Sudeste;MG;Minas Gerais;Universidades Federais;UFMG - COLTEC;Universidade Federal de Minas Gerais;
2017;Sudeste;MG;Minas Gerais;Universidades Federais;UFMG - TU;Universidade Federal de Minas Gerais;
2017;Sudeste;MG;Minas Gerais;Universidades Federais;UFTM-CEFORES;Universidade Federal do Triângulo Mineiro;
2017;Sudeste;MG;Minas Gerais;Universidades Federais;UFU - ESTES;Universidade Federal de Uberlândia;
2017;Sudeste;MG;Minas Gerais;Universidades Federais;UFV - CEDAF;Universidade Federal de Viçosa;
2017;Sudeste;RJ;Rio de Janeiro;"Institutos Federais, Cefet's e Colégio Pedro II";CEFET-RJ;Centro Federal de Educação Tecnológica Celso Suckow da Fonseca;3115
2017;Sudeste;RJ;Rio de Janeiro;"Institutos Federais, Cefet's e Colégio Pedro II";CPII;Colégio Pedro II;
2017;Sudeste;RJ;Rio de Janeiro;"Institutos Federais, Cefet's e Colégio Pedro II";IFF;Instituto Federal Fluminense;1403
2017;Sudeste;RJ;Rio de Janeiro;"Institutos Federais, Cefet's e Colégio Pedro II";IFRJ;Instituto Federal do Rio de Janeiro;1443
2017;Sudeste;RJ;Rio de Janeiro;Universidades Federais;UFRRJ - CTUR;Universidade Federal Rural do Rio de Janeiro;
2017;Sudeste;SP;São Paulo;"Institutos Federais, Cefet's e Colégio Pedro II";IFSP;Instituto Federal de São Paulo;7241
2017;Sul;PR;Paraná;"Institutos Federais, Cefet's e Colégio Pedro II";IFPR;Instituto Federal do Paraná;1620
2017;Sul;RS;Rio Grande do Sul;"Institutos Federais, Cefet's e Colégio Pedro II";IF FARROUPILHA;Instituto Federal Farroupilha;1707
2017;Sul;RS;Rio Grande do Sul;"Institutos Federais, Cefet's e Colégio Pedro II";IFRS;Instituto Federal do Rio Grande do Sul;2441
2017;Sul;RS;Rio Grande do Sul;"Institutos Federais, Cefet's e Colégio Pedro II";IFSUL;Instituto Federal Sul-rio-grandense;975
2017;Sul;RS;Rio Grande do Sul;Universidades Federais;UFSM - CTISM;Universidade Federal de Santa Maria;119
2017;Sul;RS;Rio Grande do Sul;Universidades Federais;UFSM - POLITÉCNICO;Universidade Federal de Santa Maria;229
2017;Sul;SC;Santa Catarina;"Institutos Federais, Cefet's e Colégio Pedro II";IFC;Instituto Federal Catarinense;1642
2017;Sul;SC;Santa Catarina;"Institutos Federais, Cefet's e Colégio Pedro II";IFSC;Instituto Federal de Santa Catarina;3237
