Ano;Região;UF;Estado;Organização Acadêmica;Instituicao;Instituição (Nome);Servidores | Docente Efetivo;Servidores | Número de Docentes;Servidores | Número de Servidores;Servidores | ITCD
2023;;;;;UFPI - CTBJ;Colégio Técnico de Bom Jesus da UFPI;30;37;49;4,2
2023;Centro-Oeste;DF;Distrito Federal;"Institutos Federais, Cefet's e Colégio Pedro II";IFB;Instituto Federal de Brasília;725;821;1425;4,3
2023;Centro-Oeste;GO;Goiás;"Institutos Federais, Cefet's e Colégio Pedro II";IF GOIANO;Instituto Federal Goiano;713;805;1463;4,6
2023;Centro-Oeste;GO;Goiás;"Institutos Federais, Cefet's e Colégio Pedro II";IFG;Instituto Federal de Goiás;1143;1283;2179;4,5
2023;Centro-Oeste;MS;Mato Grosso do Sul;"Institutos Federais, Cefet's e Colégio Pedro II";IFMS;Instituto Federal do Mato Grosso do Sul;608;684;1267;4,3
2023;Centro-Oeste;MT;Mato Grosso;"Institutos Federais, Cefet's e Colégio Pedro II";IFMT;Instituto Federal do Mato Grosso;1113;1291;2175;4,3
2023;Nordeste;AL;Alagoas;"Institutos Federais, Cefet's e Colégio Pedro II";IFAL;Instituto Federal de Alagoas;1013;1088;1917;4,2
2023;Nordeste;AL;Alagoas;Universidades Federais;UFAL - ETA;Escola Técnica de Artes da UFAL;21;22;35;4
2023;Nordeste;BA;Bahia;"Institutos Federais, Cefet's e Colégio Pedro II";IF BAIANO;Instituto Federal Baiano;819;902;1771;4,4
2023;Nordeste;BA;Bahia;"Institutos Federais, Cefet's e Colégio Pedro II";IFBA;Instituto Federal da Bahia;1640;1890;2986;4,1
2023;Nordeste;CE;Ceará;"Institutos Federais, Cefet's e Colégio Pedro II";IFCE;Instituto Federal do Ceará;2093;2224;3809;4,3
2023;Nordeste;MA;Maranhão;"Institutos Federais, Cefet's e Colégio Pedro II";IFMA;Instituto Federal do Maranhão;1736;1943;3384;4,1
2023;Nordeste;MA;Maranhão;Universidades Federais;UFMA - COLUN;Colégio Universitário da UFMA;85;93;130;4,1
2023;Nordeste;PB;Paraíba;"Institutos Federais, Cefet's e Colégio Pedro II";IFPB;Instituto Federal da Paraíba;1345;1555;2603;4,3
2023;Nordeste;PB;Paraíba;Universidades Federais;UFCG - ETSC;Escola Técnica de Saúde de Cajazeiras da UFCG;30;33;46;4,5
2023;Nordeste;PB;Paraíba;Universidades Federais;UFPB - CAVN;Colégio Agrícola Vidal de Negreiros da UFPB;;;10;
2023;Nordeste;PB;Paraíba;Universidades Federais;UFPB - ETS;Escola Técnica de Saúde da UFPB;22;23;52;4,8
2023;Nordeste;PE;Pernambuco;"Institutos Federais, Cefet's e Colégio Pedro II";IF SERTÃO-PE;Instituto Federal do Sertão Pernambucano;471;515;1053;4,3
2023;Nordeste;PE;Pernambuco;"Institutos Federais, Cefet's e Colégio Pedro II";IFPE;Instituto Federal de Pernambuco;1204;1311;2344;4,2
2023;Nordeste;PE;Pernambuco;Universidades Federais;UFRPE - CODAI;Colégio Agrícola Dom Agostinho Ikas da UFRPE;56;60;74;4,6
2023;Nordeste;PI;Piauí;"Institutos Federais, Cefet's e Colégio Pedro II";IFPI;Instituto Federal do Piauí;1412;1565;2538;4,1
2023;Nordeste;PI;Piauí;Universidades Federais;UFPI - CTF;Colégio Técnico de Floriano da UFPI;36;41;62;4,4
2023;Nordeste;PI;Piauí;Universidades Federais;UFPI-CAT;Colégio Técnico de Teresina da UFPI;38;39;61;4,5
2023;Nordeste;RN;Rio Grande do Norte;"Institutos Federais, Cefet's e Colégio Pedro II";IFRN;Instituto Federal do Rio Grande do Norte;1514;1693;2807;4,4
2023;Nordeste;RN;Rio Grande do Norte;Universidades Federais;ESUFRN;Escola de Saúde da UFRN;38;45;56;4,8
2023;Nordeste;RN;Rio Grande do Norte;Universidades Federais;UFRN - EAJ;Escola Agrícola de Jundiaí da UFRN;112;124;196;4,8
2023;Nordeste;RN;Rio Grande do Norte;Universidades Federais;UFRN - MÚSICA;Escola de Música da UFRN;61;70;98;4,6
2023;Nordeste;SE;Sergipe;"Institutos Federais, Cefet's e Colégio Pedro II";IFS;Instituto Federal de Sergipe;515;589;1275;4,3
2023;Norte;AC;Acre;"Institutos Federais, Cefet's e Colégio Pedro II";IFAC;Instituto Federal do Acre;356;388;750;4
2023;Norte;AM;Amazonas;"Institutos Federais, Cefet's e Colégio Pedro II";IFAM;Instituto Federal do Amazonas;967;1031;1931;4
2023;Norte;AP;Amapá;"Institutos Federais, Cefet's e Colégio Pedro II";IFAP;Instituto Federal do Amapá;281;329;639;4
2023;Norte;PA;Pará;"Institutos Federais, Cefet's e Colégio Pedro II";IFPA;Instituto Federal do Pará;1422;1494;2548;4,1
2023;Norte;PA;Pará;Universidades Federais;EMUFPA;Escola de Música da UFPA;51;51;65;3,9
2023;Norte;PA;Pará;Universidades Federais;ETDUFPA;Escola de Teatro e Dança da UFPA;102;110;162;4,7
2023;Norte;RO;Rondônia;"Institutos Federais, Cefet's e Colégio Pedro II";IFRO;Instituto Federal de Rondônia;634;747;1305;4,2
2023;Norte;RR;Roraima;"Institutos Federais, Cefet's e Colégio Pedro II";IFRR;Instituto Federal de Roraima;300;317;656;4,1
2023;Norte;RR;Roraima;Universidades Federais;UFRR - EAGRO;Escola Agrotécnica da UFRR;29;37;42;4,5
2023;Norte;TO;Tocantins;"Institutos Federais, Cefet's e Colégio Pedro II";IFTO;Instituto Federal do Tocantins;656;740;1339;4,2
2023;Sudeste;ES;Espírito Santo;"Institutos Federais, Cefet's e Colégio Pedro II";IFES;Instituto Federal do Espírito Santo;1498;1660;2975;4,4
2023;Sudeste;MG;Minas Gerais;"Institutos Federais, Cefet's e Colégio Pedro II";CEFET-MG;Centro Federal de Educação Tecnológica de Minas Gerais;938;1042;1686;4,7
2023;Sudeste;MG;Minas Gerais;"Institutos Federais, Cefet's e Colégio Pedro II";IF SUDESTE MG;Instituto Federal do Sudeste de Minas Gerais;648;711;1328;4,5
2023;Sudeste;MG;Minas Gerais;"Institutos Federais, Cefet's e Colégio Pedro II";IFMG;Instituto Federal de Minas Gerais;983;1110;1985;4,4
2023;Sudeste;MG;Minas Gerais;"Institutos Federais, Cefet's e Colégio Pedro II";IFNMG;Instituto Federal do Norte de Minas Gerais;662;767;1449;4,3
2023;Sudeste;MG;Minas Gerais;"Institutos Federais, Cefet's e Colégio Pedro II";IFSULDEMINAS;Instituto Federal do Sul de Minas Gerais;560;638;1213;4,6
2023;Sudeste;MG;Minas Gerais;"Institutos Federais, Cefet's e Colégio Pedro II";IFTM;Instituto Federal do Triângulo Mineiro;574;622;1159;4,4
2023;Sudeste;MG;Minas Gerais;Universidades Federais;UFMG - COLTEC;Colégio Técnico da UFMG;58;64;106;4,7
2023;Sudeste;MG;Minas Gerais;Universidades Federais;UFMG - TU;Teatro Universitário da UFMG;7;7;14;3,9
2023;Sudeste;MG;Minas Gerais;Universidades Federais;UFTM-CEFORES;Centro de Formação Especial em Saúde da UFTM;28;28;74;4,3
2023;Sudeste;MG;Minas Gerais;Universidades Federais;UFU - ESTES;Escola Técnica de Saúde da UFU;40;46;73;4,7
2023;Sudeste;MG;Minas Gerais;Universidades Federais;UFV - CEDAF;Centro de Ensino e Desenvolvimento Agrário da UFV;120;132;316;4,9
2023;Sudeste;RJ;Rio de Janeiro;"Institutos Federais, Cefet's e Colégio Pedro II";CEFET-RJ;Centro Federal de Educação Tecnológica Celso Suckow da Fonseca;812;849;1392;4,5
2023;Sudeste;RJ;Rio de Janeiro;"Institutos Federais, Cefet's e Colégio Pedro II";CPII;Colégio Pedro II;1235;1349;2301;4,1
2023;Sudeste;RJ;Rio de Janeiro;"Institutos Federais, Cefet's e Colégio Pedro II";IFF;Instituto Federal Fluminense;994;1081;1809;4,3
2023;Sudeste;RJ;Rio de Janeiro;"Institutos Federais, Cefet's e Colégio Pedro II";IFRJ;Instituto Federal do Rio de Janeiro;1060;1160;2040;4,5
2023;Sudeste;RJ;Rio de Janeiro;Universidades Federais;UFRRJ - CTUR;Colégio Técnico da UFRRJ;103;110;144;4,7
2023;Sudeste;SP;São Paulo;"Institutos Federais, Cefet's e Colégio Pedro II";IFSP;Instituto Federal de São Paulo;2602;2905;4823;4,5
2023;Sul;PR;Paraná;"Institutos Federais, Cefet's e Colégio Pedro II";IFPR;Instituto Federal do Paraná;1469;1607;2610;4,4
2023;Sul;RS;Rio Grande do Sul;"Institutos Federais, Cefet's e Colégio Pedro II";IF FARROUPILHA;Instituto Federal Farroupilha;713;808;1511;4,5
2023;Sul;RS;Rio Grande do Sul;"Institutos Federais, Cefet's e Colégio Pedro II";IFRS;Instituto Federal do Rio Grande do Sul;1128;1330;2290;4,6
2023;Sul;RS;Rio Grande do Sul;"Institutos Federais, Cefet's e Colégio Pedro II";IFSUL;Instituto Federal Sul-rio-grandense;997;1140;1920;4,4
2023;Sul;RS;Rio Grande do Sul;Universidades Federais;UFSM - CTISM;Colégio Técnico Industrial da UFSM;85;87;118;4,7
2023;Sul;RS;Rio Grande do Sul;Universidades Federais;UFSM - POLITÉCNICO;Colégio Politécnico da UFSM;125;131;176;4,9
2023;Sul;SC;Santa Catarina;"Institutos Federais, Cefet's e Colégio Pedro II";IFC;Instituto Federal Catarinense;929;994;1898;4,5
2023;Sul;SC;Santa Catarina;"Institutos Federais, Cefet's e Colégio Pedro II";IFSC;Instituto Federal de Santa Catarina;1507;1622;2782;4,4
2022;Centro-Oeste;DF;Distrito Federal;"Institutos Federais, Cefet's e Colégio Pedro II";IFB;Instituto Federal de Brasília;705;803;1379;4,3
2022;Centro-Oeste;GO;Goiás;"Institutos Federais, Cefet's e Colégio Pedro II";IF GOIANO;Instituto Federal Goiano;726;820;1469;4,6
2022;Centro-Oeste;GO;Goiás;"Institutos Federais, Cefet's e Colégio Pedro II";IFG;Instituto Federal de Goiás;1122;1298;2165;4,4
2022;Centro-Oeste;MS;Mato Grosso do Sul;"Institutos Federais, Cefet's e Colégio Pedro II";IFMS;Instituto Federal do Mato Grosso do Sul;593;669;1256;4,2
2022;Centro-Oeste;MT;Mato Grosso;"Institutos Federais, Cefet's e Colégio Pedro II";IFMT;Instituto Federal do Mato Grosso;1076;1267;2130;4,2
2022;Nordeste;AL;Alagoas;"Institutos Federais, Cefet's e Colégio Pedro II";IFAL;Instituto Federal de Alagoas;1007;1086;1921;4,2
2022;Nordeste;AL;Alagoas;Universidades Federais;UFAL - ETA;Escola Técnica de Artes da UFAL;20;21;32;3,8
2022;Nordeste;BA;Bahia;"Institutos Federais, Cefet's e Colégio Pedro II";IF BAIANO;Instituto Federal Baiano;820;878;1757;4,3
2022;Nordeste;BA;Bahia;"Institutos Federais, Cefet's e Colégio Pedro II";IFBA;Instituto Federal da Bahia;1589;1886;2951;4,1
2022;Nordeste;CE;Ceará;"Institutos Federais, Cefet's e Colégio Pedro II";IFCE;Instituto Federal do Ceará;2045;2179;3766;4,2
2022;Nordeste;MA;Maranhão;"Institutos Federais, Cefet's e Colégio Pedro II";IFMA;Instituto Federal do Maranhão;1762;1942;3356;4
2022;Nordeste;MA;Maranhão;Universidades Federais;UFMA - COLUN;Colégio Universitário da UFMA;82;88;129;4
2022;Nordeste;PB;Paraíba;"Institutos Federais, Cefet's e Colégio Pedro II";IFPB;Instituto Federal da Paraíba;1271;1473;2552;4,3
2022;Nordeste;PB;Paraíba;Universidades Federais;UFCG - ETSC;Escola Técnica de Saúde de Cajazeiras da UFCG;28;30;42;4,5
2022;Nordeste;PB;Paraíba;Universidades Federais;UFPB - CAVN;Colégio Agrícola Vidal de Negreiros da UFPB;;;10;
2022;Nordeste;PB;Paraíba;Universidades Federais;UFPB - ETS;Escola Técnica de Saúde da UFPB;41;44;69;4,7
2022;Nordeste;PE;Pernambuco;"Institutos Federais, Cefet's e Colégio Pedro II";IF SERTÃO-PE;Instituto Federal do Sertão Pernambucano;471;515;1051;4,2
2022;Nordeste;PE;Pernambuco;"Institutos Federais, Cefet's e Colégio Pedro II";IFPE;Instituto Federal de Pernambuco;1213;1309;2359;4,2
2022;Nordeste;PE;Pernambuco;Universidades Federais;UFRPE - CODAI;Colégio Agrícola Dom Agostinho Ikas da UFRPE;56;58;73;4,5
2022;Nordeste;PI;Piauí;"Institutos Federais, Cefet's e Colégio Pedro II";IFPI;Instituto Federal do Piauí;1287;1414;2364;4
2022;Nordeste;PI;Piauí;Universidades Federais;UFPI - CTBJ;Colégio Técnico de Bom Jesus da UFPI;30;40;50;4,2
2022;Nordeste;PI;Piauí;Universidades Federais;UFPI - CTF;Colégio Técnico de Floriano da UFPI;35;41;63;4,4
2022;Nordeste;PI;Piauí;Universidades Federais;UFPI-CAT;Colégio Técnico de Teresina da UFPI;35;35;56;4,5
2022;Nordeste;RN;Rio Grande do Norte;"Institutos Federais, Cefet's e Colégio Pedro II";IFRN;Instituto Federal do Rio Grande do Norte;1527;1681;2834;4,3
2022;Nordeste;RN;Rio Grande do Norte;Universidades Federais;ESUFRN;Escola de Saúde da UFRN;39;45;56;4,8
2022;Nordeste;RN;Rio Grande do Norte;Universidades Federais;UFRN - EAJ;Escola Agrícola de Jundiaí da UFRN;112;120;190;4,8
2022;Nordeste;RN;Rio Grande do Norte;Universidades Federais;UFRN - MÚSICA;Escola de Música da UFRN;62;71;96;4,6
2022;Nordeste;SE;Sergipe;"Institutos Federais, Cefet's e Colégio Pedro II";IFS;Instituto Federal de Sergipe;512;561;1225;4,3
2022;Norte;AC;Acre;"Institutos Federais, Cefet's e Colégio Pedro II";IFAC;Instituto Federal do Acre;362;392;775;4
2022;Norte;AM;Amazonas;"Institutos Federais, Cefet's e Colégio Pedro II";IFAM;Instituto Federal do Amazonas;917;976;1811;3,9
2022;Norte;AP;Amapá;"Institutos Federais, Cefet's e Colégio Pedro II";IFAP;Instituto Federal do Amapá;290;346;664;3,9
2022;Norte;PA;Pará;"Institutos Federais, Cefet's e Colégio Pedro II";IFPA;Instituto Federal do Pará;1391;1464;2514;4,1
2022;Norte;PA;Pará;Universidades Federais;EMUFPA;Escola de Música da UFPA;49;49;62;3,9
2022;Norte;PA;Pará;Universidades Federais;ETDUFPA;Escola de Teatro e Dança da UFPA;105;115;166;4,7
2022;Norte;RO;Rondônia;"Institutos Federais, Cefet's e Colégio Pedro II";IFRO;Instituto Federal de Rondônia;645;712;1277;4,1
2022;Norte;RR;Roraima;"Institutos Federais, Cefet's e Colégio Pedro II";IFRR;Instituto Federal de Roraima;303;310;662;4
2022;Norte;RR;Roraima;Universidades Federais;UFRR - EAGRO;Escola Agrotécnica da UFRR;30;37;39;4,5
2022;Norte;TO;Tocantins;"Institutos Federais, Cefet's e Colégio Pedro II";IFTO;Instituto Federal do Tocantins;655;752;1360;4,2
2022;Sudeste;ES;Espírito Santo;"Institutos Federais, Cefet's e Colégio Pedro II";IFES;Instituto Federal do Espírito Santo;1504;1679;3015;4,4
2022;Sudeste;MG;Minas Gerais;"Institutos Federais, Cefet's e Colégio Pedro II";CEFET-MG;Centro Federal de Educação Tecnológica de Minas Gerais;944;1076;1732;4,6
2022;Sudeste;MG;Minas Gerais;"Institutos Federais, Cefet's e Colégio Pedro II";IF SUDESTE MG;Instituto Federal do Sudeste de Minas Gerais;657;698;1324;4,4
2022;Sudeste;MG;Minas Gerais;"Institutos Federais, Cefet's e Colégio Pedro II";IFMG;Instituto Federal de Minas Gerais;981;1165;2043;4,4
2022;Sudeste;MG;Minas Gerais;"Institutos Federais, Cefet's e Colégio Pedro II";IFNMG;Instituto Federal do Norte de Minas Gerais;646;744;1422;4,2
2022;Sudeste;MG;Minas Gerais;"Institutos Federais, Cefet's e Colégio Pedro II";IFSULDEMINAS;Instituto Federal do Sul de Minas Gerais;558;644;1200;4,5
2022;Sudeste;MG;Minas Gerais;"Institutos Federais, Cefet's e Colégio Pedro II";IFTM;Instituto Federal do Triângulo Mineiro;581;632;1177;4,4
2022;Sudeste;MG;Minas Gerais;Universidades Federais;UFMG - COLTEC;Colégio Técnico da UFMG;58;63;113;4,7
2022;Sudeste;MG;Minas Gerais;Universidades Federais;UFMG - TU;Teatro Universitário da UFMG;;;1;
2022;Sudeste;MG;Minas Gerais;Universidades Federais;UFTM-CEFORES;Centro de Formação Especial em Saúde da UFTM;4;4;35;4,8
2022;Sudeste;MG;Minas Gerais;Universidades Federais;UFU - ESTES;Escola Técnica de Saúde da UFU;39;44;67;4,6
2022;Sudeste;MG;Minas Gerais;Universidades Federais;UFV - CEDAF;Centro de Ensino e Desenvolvimento Agrário da UFV;120;124;309;4,9
2022;Sudeste;RJ;Rio de Janeiro;"Institutos Federais, Cefet's e Colégio Pedro II";CEFET-RJ;Centro Federal de Educação Tecnológica Celso Suckow da Fonseca;828;883;1447;4,5
2022;Sudeste;RJ;Rio de Janeiro;"Institutos Federais, Cefet's e Colégio Pedro II";CPII;Colégio Pedro II;1172;1359;2362;4
2022;Sudeste;RJ;Rio de Janeiro;"Institutos Federais, Cefet's e Colégio Pedro II";IFF;Instituto Federal Fluminense;952;1065;1761;4,2
2022;Sudeste;RJ;Rio de Janeiro;"Institutos Federais, Cefet's e Colégio Pedro II";IFRJ;Instituto Federal do Rio de Janeiro;1058;1131;1986;4,5
2022;Sudeste;RJ;Rio de Janeiro;Universidades Federais;UFRRJ - CTUR;Colégio Técnico da UFRRJ;59;68;99;4,5
2022;Sudeste;SP;São Paulo;"Institutos Federais, Cefet's e Colégio Pedro II";IFSP;Instituto Federal de São Paulo;2606;2986;4922;4,4
2022;Sul;PR;Paraná;"Institutos Federais, Cefet's e Colégio Pedro II";IFPR;Instituto Federal do Paraná;1379;1533;2514;4,4
2022;Sul;RS;Rio Grande do Sul;"Institutos Federais, Cefet's e Colégio Pedro II";IF FARROUPILHA;Instituto Federal Farroupilha;727;851;1541;4,5
2022;Sul;RS;Rio Grande do Sul;"Institutos Federais, Cefet's e Colégio Pedro II";IFRS;Instituto Federal do Rio Grande do Sul;1158;1366;2343;4,5
2022;Sul;RS;Rio Grande do Sul;"Institutos Federais, Cefet's e Colégio Pedro II";IFSUL;Instituto Federal Sul-rio-grandense;981;1142;1929;4,4
2022;Sul;RS;Rio Grande do Sul;Universidades Federais;UFSM - CTISM;Colégio Técnico Industrial da UFSM;85;91;125;4,7
2022;Sul;RS;Rio Grande do Sul;Universidades Federais;UFSM - POLITÉCNICO;Colégio Politécnico da UFSM;113;122;164;4,8
2022;Sul;SC;Santa Catarina;"Institutos Federais, Cefet's e Colégio Pedro II";IFC;Instituto Federal Catarinense;906;1015;1872;4,4
2022;Sul;SC;Santa Catarina;"Institutos Federais, Cefet's e Colégio Pedro II";IFSC;Instituto Federal de Santa Catarina;1433;1583;2716;4,4
2021;Centro-Oeste;DF;Distrito Federal;"Institutos Federais, Cefet's e Colégio Pedro II";IFB;Instituto Federal de Brasília;700;786;1385;4,3
2021;Centro-Oeste;GO;Goiás;"Institutos Federais, Cefet's e Colégio Pedro II";IF GOIANO;Instituto Federal Goiano;729;814;1470;4,5
2021;Centro-Oeste;GO;Goiás;"Institutos Federais, Cefet's e Colégio Pedro II";IFG;Instituto Federal de Goiás;1121;1260;2151;4,4
2021;Centro-Oeste;MS;Mato Grosso do Sul;"Institutos Federais, Cefet's e Colégio Pedro II";IFMS;Instituto Federal do Mato Grosso do Sul;597;669;1276;4,2
2021;Centro-Oeste;MT;Mato Grosso;"Institutos Federais, Cefet's e Colégio Pedro II";IFMT;Instituto Federal do Mato Grosso;1071;1227;2089;4,2
2021;Nordeste;AL;Alagoas;"Institutos Federais, Cefet's e Colégio Pedro II";IFAL;Instituto Federal de Alagoas;1007;1074;1918;4,1
2021;Nordeste;AL;Alagoas;Universidades Federais;UFAL - ETA;Escola Técnica de Artes da UFAL;18;18;28;3,7
2021;Nordeste;BA;Bahia;"Institutos Federais, Cefet's e Colégio Pedro II";IF BAIANO;Instituto Federal Baiano;816;857;1761;4,3
2021;Nordeste;BA;Bahia;"Institutos Federais, Cefet's e Colégio Pedro II";IFBA;Instituto Federal da Bahia;1540;1763;2850;4,1
2021;Nordeste;CE;Ceará;"Institutos Federais, Cefet's e Colégio Pedro II";IFCE;Instituto Federal do Ceará;1970;2063;3642;4,2
2021;Nordeste;MA;Maranhão;"Institutos Federais, Cefet's e Colégio Pedro II";IFMA;Instituto Federal do Maranhão;1753;1890;3323;3,9
2021;Nordeste;MA;Maranhão;Universidades Federais;UFMA - COLUN;Colégio Universitário da UFMA;81;81;102;4
2021;Nordeste;PB;Paraíba;"Institutos Federais, Cefet's e Colégio Pedro II";IFPB;Instituto Federal da Paraíba;1264;1395;2465;4,3
2021;Nordeste;PB;Paraíba;Universidades Federais;UFCG - ETSC;Escola Técnica de Saúde de Cajazeiras da UFCG;26;30;42;4,4
2021;Nordeste;PB;Paraíba;Universidades Federais;UFPB - CAVN;Colégio Agrícola Vidal de Negreiros da UFPB;53;55;67;4,6
2021;Nordeste;PB;Paraíba;Universidades Federais;UFPB - ETS;Escola Técnica de Saúde da UFPB;39;41;67;4,8
2021;Nordeste;PE;Pernambuco;"Institutos Federais, Cefet's e Colégio Pedro II";IF SERTÃO-PE;Instituto Federal do Sertão Pernambucano;472;524;1066;4,1
2021;Nordeste;PE;Pernambuco;"Institutos Federais, Cefet's e Colégio Pedro II";IFPE;Instituto Federal de Pernambuco;1221;1279;2357;4,1
2021;Nordeste;PE;Pernambuco;Universidades Federais;UFRPE - CODAI;Colégio Agrícola Dom Agostinho Ikas da UFRPE;61;61;75;4,5
2021;Nordeste;PI;Piauí;"Institutos Federais, Cefet's e Colégio Pedro II";IFPI;Instituto Federal do Piauí;1285;1391;2333;4
2021;Nordeste;PI;Piauí;Universidades Federais;UFPI - CTBJ;Colégio Técnico de Bom Jesus da UFPI;30;38;45;4,2
2021;Nordeste;PI;Piauí;Universidades Federais;UFPI - CTF;Colégio Técnico de Floriano da UFPI;35;41;61;4,4
2021;Nordeste;PI;Piauí;Universidades Federais;UFPI-CAT;Colégio Técnico de Teresina da UFPI;33;33;57;4,5
2021;Nordeste;RN;Rio Grande do Norte;"Institutos Federais, Cefet's e Colégio Pedro II";IFRN;Instituto Federal do Rio Grande do Norte;1517;1643;2805;4,3
2021;Nordeste;RN;Rio Grande do Norte;Universidades Federais;ESUFRN;Escola de Saúde da UFRN;40;40;51;4,9
2021;Nordeste;RN;Rio Grande do Norte;Universidades Federais;UFRN - EAJ;Escola Agrícola de Jundiaí da UFRN;60;64;134;4,5
2021;Nordeste;RN;Rio Grande do Norte;Universidades Federais;UFRN - MÚSICA;Escola de Música da UFRN;46;48;75;4,5
2021;Nordeste;SE;Sergipe;"Institutos Federais, Cefet's e Colégio Pedro II";IFS;Instituto Federal de Sergipe;503;527;1195;4,3
2021;Norte;AC;Acre;"Institutos Federais, Cefet's e Colégio Pedro II";IFAC;Instituto Federal do Acre;354;365;746;3,9
2021;Norte;AM;Amazonas;"Institutos Federais, Cefet's e Colégio Pedro II";IFAM;Instituto Federal do Amazonas;927;963;1834;3,8
2021;Norte;AP;Amapá;"Institutos Federais, Cefet's e Colégio Pedro II";IFAP;Instituto Federal do Amapá;295;328;659;3,8
2021;Norte;PA;Pará;"Institutos Federais, Cefet's e Colégio Pedro II";IFPA;Instituto Federal do Pará;1342;1356;2366;4
2021;Norte;PA;Pará;Universidades Federais;EMUFPA;Escola de Música da UFPA;50;50;63;3,9
2021;Norte;PA;Pará;Universidades Federais;ETDUFPA;Escola de Teatro e Dança da UFPA;8;8;16;4,6
2021;Norte;RO;Rondônia;"Institutos Federais, Cefet's e Colégio Pedro II";IFRO;Instituto Federal de Rondônia;619;697;1265;4
2021;Norte;RR;Roraima;"Institutos Federais, Cefet's e Colégio Pedro II";IFRR;Instituto Federal de Roraima;296;316;677;4
2021;Norte;RR;Roraima;Universidades Federais;UFRR - EAGRO;Escola Agrotécnica da UFRR;28;33;40;4,5
2021;Norte;TO;Tocantins;"Institutos Federais, Cefet's e Colégio Pedro II";IFTO;Instituto Federal do Tocantins;650;746;1335;4,1
2021;Sudeste;ES;Espírito Santo;"Institutos Federais, Cefet's e Colégio Pedro II";IFES;Instituto Federal do Espírito Santo;1500;1658;3003;4,4
2021;Sudeste;MG;Minas Gerais;"Institutos Federais, Cefet's e Colégio Pedro II";CEFET-MG;Centro Federal de Educação Tecnológica de Minas Gerais;947;1081;1733;4,6
2021;Sudeste;MG;Minas Gerais;"Institutos Federais, Cefet's e Colégio Pedro II";IF SUDESTE MG;Instituto Federal do Sudeste de Minas Gerais;656;687;1329;4,4
2021;Sudeste;MG;Minas Gerais;"Institutos Federais, Cefet's e Colégio Pedro II";IFMG;Instituto Federal de Minas Gerais;995;1107;1992;4,4
2021;Sudeste;MG;Minas Gerais;"Institutos Federais, Cefet's e Colégio Pedro II";IFNMG;Instituto Federal do Norte de Minas Gerais;651;734;1420;4,2
2021;Sudeste;MG;Minas Gerais;"Institutos Federais, Cefet's e Colégio Pedro II";IFSULDEMINAS;Instituto Federal do Sul de Minas Gerais;563;639;1207;4,5
2021;Sudeste;MG;Minas Gerais;"Institutos Federais, Cefet's e Colégio Pedro II";IFTM;Instituto Federal do Triângulo Mineiro;579;616;1179;4,4
2021;Sudeste;MG;Minas Gerais;Universidades Federais;UFMG - COLTEC;Colégio Técnico da UFMG;48;48;48;4,7
2021;Sudeste;MG;Minas Gerais;Universidades Federais;UFMG - TU;Teatro Universitário da UFMG;8;8;8;3,9
2021;Sudeste;MG;Minas Gerais;Universidades Federais;UFTM-CEFORES;Centro de Formação Especial em Saúde da UFTM;29;29;56;4,3
2021;Sudeste;MG;Minas Gerais;Universidades Federais;UFU - ESTES;Escola Técnica de Saúde da UFU;40;43;60;4,7
2021;Sudeste;MG;Minas Gerais;Universidades Federais;UFV - CEDAF;Centro de Ensino e Desenvolvimento Agrário da UFV;46;46;229;4,7
2021;Sudeste;RJ;Rio de Janeiro;"Institutos Federais, Cefet's e Colégio Pedro II";CEFET-RJ;Centro Federal de Educação Tecnológica Celso Suckow da Fonseca;851;896;1485;4,4
2021;Sudeste;RJ;Rio de Janeiro;"Institutos Federais, Cefet's e Colégio Pedro II";CPII;Colégio Pedro II;1205;1359;2362;4
2021;Sudeste;RJ;Rio de Janeiro;"Institutos Federais, Cefet's e Colégio Pedro II";IFF;Instituto Federal Fluminense;942;1039;1762;4,2
2021;Sudeste;RJ;Rio de Janeiro;"Institutos Federais, Cefet's e Colégio Pedro II";IFRJ;Instituto Federal do Rio de Janeiro;1042;1138;1978;4,5
2021;Sudeste;RJ;Rio de Janeiro;Universidades Federais;UFRRJ - CTUR;Colégio Técnico da UFRRJ;60;66;92;4,4
2021;Sudeste;SP;São Paulo;"Institutos Federais, Cefet's e Colégio Pedro II";IFSP;Instituto Federal de São Paulo;2605;2996;4929;4,4
2021;Sul;PR;Paraná;"Institutos Federais, Cefet's e Colégio Pedro II";IFPR;Instituto Federal do Paraná;1291;1430;2395;4,3
2021;Sul;RS;Rio Grande do Sul;"Institutos Federais, Cefet's e Colégio Pedro II";IF FARROUPILHA;Instituto Federal Farroupilha;732;821;1517;4,5
2021;Sul;RS;Rio Grande do Sul;"Institutos Federais, Cefet's e Colégio Pedro II";IFRS;Instituto Federal do Rio Grande do Sul;1161;1336;2304;4,5
2021;Sul;RS;Rio Grande do Sul;"Institutos Federais, Cefet's e Colégio Pedro II";IFSUL;Instituto Federal Sul-rio-grandense;967;1119;1924;4,3
2021;Sul;RS;Rio Grande do Sul;Universidades Federais;UFSM - CTISM;Colégio Técnico Industrial da UFSM;63;69;107;4,5
2021;Sul;RS;Rio Grande do Sul;Universidades Federais;UFSM - POLITÉCNICO;Colégio Politécnico da UFSM;80;90;133;4,6
2021;Sul;SC;Santa Catarina;"Institutos Federais, Cefet's e Colégio Pedro II";IFC;Instituto Federal Catarinense;894;1014;1881;4,4
2021;Sul;SC;Santa Catarina;"Institutos Federais, Cefet's e Colégio Pedro II";IFSC;Instituto Federal de Santa Catarina;1427;1603;2788;4,4
2020;Centro-Oeste;DF;Distrito Federal;"Institutos Federais, Cefet's e Colégio Pedro II";IFB;Instituto Federal de Brasília;703;775;1384;4,2
2020;Centro-Oeste;GO;Goiás;"Institutos Federais, Cefet's e Colégio Pedro II";IF GOIANO;Instituto Federal Goiano;722;792;1459;4,5
2020;Centro-Oeste;GO;Goiás;"Institutos Federais, Cefet's e Colégio Pedro II";IFG;Instituto Federal de Goiás;1133;1270;2164;4,4
2020;Centro-Oeste;MS;Mato Grosso do Sul;"Institutos Federais, Cefet's e Colégio Pedro II";IFMS;Instituto Federal do Mato Grosso do Sul;598;660;1264;4,1
2020;Centro-Oeste;MT;Mato Grosso;"Institutos Federais, Cefet's e Colégio Pedro II";IFMT;Instituto Federal do Mato Grosso;1070;1238;2112;4,1
2020;Nordeste;AL;Alagoas;"Institutos Federais, Cefet's e Colégio Pedro II";IFAL;Instituto Federal de Alagoas;993;1067;1901;4,1
2020;Nordeste;AL;Alagoas;Universidades Federais;UFAL - ETA;Escola Técnica de Artes da UFAL;19;19;31;3,8
2020;Nordeste;BA;Bahia;"Institutos Federais, Cefet's e Colégio Pedro II";IF BAIANO;Instituto Federal Baiano;808;842;1753;4,2
2020;Nordeste;BA;Bahia;"Institutos Federais, Cefet's e Colégio Pedro II";IFBA;Instituto Federal da Bahia;1537;1735;2834;4,1
2020;Nordeste;CE;Ceará;"Institutos Federais, Cefet's e Colégio Pedro II";IFCE;Instituto Federal do Ceará;1957;2021;3616;4,1
2020;Nordeste;MA;Maranhão;"Institutos Federais, Cefet's e Colégio Pedro II";IFMA;Instituto Federal do Maranhão;1744;1845;3288;3,9
2020;Nordeste;MA;Maranhão;Universidades Federais;UFMA - COLUN;Colégio Universitário da UFMA;80;80;102;3,8
2020;Nordeste;PB;Paraíba;"Institutos Federais, Cefet's e Colégio Pedro II";IFPB;Instituto Federal da Paraíba;1265;1414;2489;4,3
2020;Nordeste;PB;Paraíba;Universidades Federais;UFCG - ETSC;Escola Técnica de Saúde de Cajazeiras da UFCG;27;27;37;4,4
2020;Nordeste;PB;Paraíba;Universidades Federais;UFPB - CAVN;Colégio Agrícola Vidal de Negreiros da UFPB;52;52;79;4,6
2020;Nordeste;PB;Paraíba;Universidades Federais;UFPB - ETS;Escola Técnica de Saúde da UFPB;39;39;65;4,9
2020;Nordeste;PE;Pernambuco;"Institutos Federais, Cefet's e Colégio Pedro II";IF SERTÃO-PE;Instituto Federal do Sertão Pernambucano;461;513;1051;4
2020;Nordeste;PE;Pernambuco;"Institutos Federais, Cefet's e Colégio Pedro II";IFPE;Instituto Federal de Pernambuco;1227;1283;2349;4,1
2020;Nordeste;PE;Pernambuco;Universidades Federais;UFRPE - CODAI;Colégio Agrícola Dom Agostinho Ikas da UFRPE;8;8;23;4,6
2020;Nordeste;PI;Piauí;"Institutos Federais, Cefet's e Colégio Pedro II";IFPI;Instituto Federal do Piauí;1287;1370;2336;3,9
2020;Nordeste;PI;Piauí;Universidades Federais;UFPI - CTBJ;Colégio Técnico de Bom Jesus da UFPI;32;32;45;4,2
2020;Nordeste;PI;Piauí;Universidades Federais;UFPI - CTF;Colégio Técnico de Floriano da UFPI;33;33;52;4,3
2020;Nordeste;PI;Piauí;Universidades Federais;UFPI-CAT;Colégio Técnico de Teresina da UFPI;26;26;50;4,5
2020;Nordeste;RN;Rio Grande do Norte;"Institutos Federais, Cefet's e Colégio Pedro II";IFRN;Instituto Federal do Rio Grande do Norte;1509;1623;2777;4,3
2020;Nordeste;RN;Rio Grande do Norte;Universidades Federais;ESUFRN;Escola de Saúde da UFRN;38;38;49;4,9
2020;Nordeste;RN;Rio Grande do Norte;Universidades Federais;UFRN - EAJ;Escola Agrícola de Jundiaí da UFRN;62;62;137;4,5
2020;Nordeste;RN;Rio Grande do Norte;Universidades Federais;UFRN - MÚSICA;Escola de Música da UFRN;44;44;70;4,5
2020;Nordeste;SE;Sergipe;"Institutos Federais, Cefet's e Colégio Pedro II";IFS;Instituto Federal de Sergipe;505;530;1217;4,2
2020;Norte;AC;Acre;"Institutos Federais, Cefet's e Colégio Pedro II";IFAC;Instituto Federal do Acre;358;371;749;3,8
2020;Norte;AM;Amazonas;"Institutos Federais, Cefet's e Colégio Pedro II";IFAM;Instituto Federal do Amazonas;923;963;1839;3,8
2020;Norte;AP;Amapá;"Institutos Federais, Cefet's e Colégio Pedro II";IFAP;Instituto Federal do Amapá;272;306;641;3,7
2020;Norte;PA;Pará;"Institutos Federais, Cefet's e Colégio Pedro II";IFPA;Instituto Federal do Pará;1355;1374;2397;4
2020;Norte;PA;Pará;Universidades Federais;EMUFPA;Escola de Música da UFPA;49;49;64;3,9
2020;Norte;PA;Pará;Universidades Federais;ETDUFPA;Escola de Teatro e Dança da UFPA;32;32;53;4,7
2020;Norte;RO;Rondônia;"Institutos Federais, Cefet's e Colégio Pedro II";IFRO;Instituto Federal de Rondônia;612;677;1248;3,9
2020;Norte;RR;Roraima;"Institutos Federais, Cefet's e Colégio Pedro II";IFRR;Instituto Federal de Roraima;250;267;631;3,9
2020;Norte;RR;Roraima;Universidades Federais;UFRR - EAGRO;Escola Agrotécnica da UFRR;25;25;32;4,4
2020;Norte;TO;Tocantins;"Institutos Federais, Cefet's e Colégio Pedro II";IFTO;Instituto Federal do Tocantins;653;737;1334;4,1
2020;Sudeste;ES;Espírito Santo;"Institutos Federais, Cefet's e Colégio Pedro II";IFES;Instituto Federal do Espírito Santo;1406;1575;2865;4,3
2020;Sudeste;MG;Minas Gerais;"Institutos Federais, Cefet's e Colégio Pedro II";CEFET-MG;Centro Federal de Educação Tecnológica de Minas Gerais;951;1062;1724;4,5
2020;Sudeste;MG;Minas Gerais;"Institutos Federais, Cefet's e Colégio Pedro II";IF SUDESTE MG;Instituto Federal do Sudeste de Minas Gerais;645;689;1337;4,3
2020;Sudeste;MG;Minas Gerais;"Institutos Federais, Cefet's e Colégio Pedro II";IFMG;Instituto Federal de Minas Gerais;987;1116;2004;4,3
2020;Sudeste;MG;Minas Gerais;"Institutos Federais, Cefet's e Colégio Pedro II";IFNMG;Instituto Federal do Norte de Minas Gerais;654;732;1415;4,2
2020;Sudeste;MG;Minas Gerais;"Institutos Federais, Cefet's e Colégio Pedro II";IFSULDEMINAS;Instituto Federal do Sul de Minas Gerais;567;626;1197;4,4
2020;Sudeste;MG;Minas Gerais;"Institutos Federais, Cefet's e Colégio Pedro II";IFTM;Instituto Federal do Triângulo Mineiro;575;608;1176;4,4
2020;Sudeste;MG;Minas Gerais;Universidades Federais;UFMG - COLTEC;Colégio Técnico da UFMG;49;49;96;4,7
2020;Sudeste;MG;Minas Gerais;Universidades Federais;UFMG - TU;Teatro Universitário da UFMG;8;8;12;3,9
2020;Sudeste;MG;Minas Gerais;Universidades Federais;UFTM-CEFORES;Centro de Formação Especial em Saúde da UFTM;28;28;55;4,3
2020;Sudeste;MG;Minas Gerais;Universidades Federais;UFU - ESTES;Escola Técnica de Saúde da UFU;37;37;51;4,6
2020;Sudeste;MG;Minas Gerais;Universidades Federais;UFV - CEDAF;Centro de Ensino e Desenvolvimento Agrário da UFV;51;51;225;4,7
2020;Sudeste;RJ;Rio de Janeiro;"Institutos Federais, Cefet's e Colégio Pedro II";CEFET-RJ;Centro Federal de Educação Tecnológica Celso Suckow da Fonseca;851;885;1490;4,4
2020;Sudeste;RJ;Rio de Janeiro;"Institutos Federais, Cefet's e Colégio Pedro II";CPII;Colégio Pedro II;1186;1250;2259;3,9
2020;Sudeste;RJ;Rio de Janeiro;"Institutos Federais, Cefet's e Colégio Pedro II";IFF;Instituto Federal Fluminense;951;1012;1731;4,1
2020;Sudeste;RJ;Rio de Janeiro;"Institutos Federais, Cefet's e Colégio Pedro II";IFRJ;Instituto Federal do Rio de Janeiro;1042;1114;1965;4,4
2020;Sudeste;RJ;Rio de Janeiro;Universidades Federais;UFRRJ - CTUR;Colégio Técnico da UFRRJ;58;58;86;4,4
2020;Sudeste;SP;São Paulo;"Institutos Federais, Cefet's e Colégio Pedro II";IFSP;Instituto Federal de São Paulo;2613;2982;4883;4,4
2020;Sul;PR;Paraná;"Institutos Federais, Cefet's e Colégio Pedro II";IFPR;Instituto Federal do Paraná;1278;1399;2351;4,3
2020;Sul;RS;Rio Grande do Sul;"Institutos Federais, Cefet's e Colégio Pedro II";IF FARROUPILHA;Instituto Federal Farroupilha;738;828;1528;4,4
2020;Sul;RS;Rio Grande do Sul;"Institutos Federais, Cefet's e Colégio Pedro II";IFRS;Instituto Federal do Rio Grande do Sul;1160;1307;2282;4,5
2020;Sul;RS;Rio Grande do Sul;"Institutos Federais, Cefet's e Colégio Pedro II";IFSUL;Instituto Federal Sul-rio-grandense;971;1084;1894;4,3
2020;Sul;RS;Rio Grande do Sul;Universidades Federais;UFSM - CTISM;Colégio Técnico Industrial da UFSM;62;64;101;4,6
2020;Sul;RS;Rio Grande do Sul;Universidades Federais;UFSM - POLITÉCNICO;Colégio Politécnico da UFSM;77;84;124;4,7
2020;Sul;SC;Santa Catarina;"Institutos Federais, Cefet's e Colégio Pedro II";IFC;Instituto Federal Catarinense;906;1016;1894;4,4
2020;Sul;SC;Santa Catarina;"Institutos Federais, Cefet's e Colégio Pedro II";IFSC;Instituto Federal de Santa Catarina;1434;1564;2748;4,4
2019;Centro-Oeste;DF;Distrito Federal;"Institutos Federais, Cefet's e Colégio Pedro II";IFB;Instituto Federal de Brasília;704;765;1354;4,1
2019;Centro-Oeste;GO;Goiás;"Institutos Federais, Cefet's e Colégio Pedro II";IF GOIANO;Instituto Federal Goiano;721;812;1483;4,4
2019;Centro-Oeste;GO;Goiás;"Institutos Federais, Cefet's e Colégio Pedro II";IFG;Instituto Federal de Goiás;1128;1304;2204;4,3
2019;Centro-Oeste;MS;Mato Grosso do Sul;"Institutos Federais, Cefet's e Colégio Pedro II";IFMS;Instituto Federal do Mato Grosso do Sul;581;662;1273;4
2019;Centro-Oeste;MT;Mato Grosso;"Institutos Federais, Cefet's e Colégio Pedro II";IFMT;Instituto Federal do Mato Grosso;1057;1230;2086;4
2019;Nordeste;AL;Alagoas;"Institutos Federais, Cefet's e Colégio Pedro II";IFAL;Instituto Federal de Alagoas;990;1085;1891;4,1
2019;Nordeste;AL;Alagoas;Universidades Federais;UFAL - ETA;Escola Técnica de Artes da UFAL;18;18;31;3,7
2019;Nordeste;BA;Bahia;"Institutos Federais, Cefet's e Colégio Pedro II";IF BAIANO;Instituto Federal Baiano;788;860;1737;4,2
2019;Nordeste;BA;Bahia;"Institutos Federais, Cefet's e Colégio Pedro II";IFBA;Instituto Federal da Bahia;1520;1747;2856;4
2019;Nordeste;CE;Ceará;"Institutos Federais, Cefet's e Colégio Pedro II";IFCE;Instituto Federal do Ceará;1955;2089;3680;4
2019;Nordeste;MA;Maranhão;"Institutos Federais, Cefet's e Colégio Pedro II";IFMA;Instituto Federal do Maranhão;1741;1872;3322;3,9
2019;Nordeste;MA;Maranhão;Universidades Federais;UFMA - COLUN;Colégio Universitário da UFMA;50;50;64;3,9
2019;Nordeste;PB;Paraíba;"Institutos Federais, Cefet's e Colégio Pedro II";IFPB;Instituto Federal da Paraíba;1147;1352;2390;4,2
2019;Nordeste;PB;Paraíba;Universidades Federais;UFCG - ETSC;Escola Técnica de Saúde de Cajazeiras da UFCG;30;30;39;4,3
2019;Nordeste;PB;Paraíba;Universidades Federais;UFPB - CAVN;Colégio Agrícola Vidal de Negreiros da UFPB;58;58;67;4,7
2019;Nordeste;PB;Paraíba;Universidades Federais;UFPB - ETS;Escola Técnica de Saúde da UFPB;38;38;58;4,9
2019;Nordeste;PE;Pernambuco;"Institutos Federais, Cefet's e Colégio Pedro II";IF SERTÃO-PE;Instituto Federal do Sertão Pernambucano;432;497;1025;4
2019;Nordeste;PE;Pernambuco;"Institutos Federais, Cefet's e Colégio Pedro II";IFPE;Instituto Federal de Pernambuco;1218;1314;2338;4
2019;Nordeste;PE;Pernambuco;Universidades Federais;UFRPE - CODAI;Colégio Agrícola Dom Agostinho Ikas da UFRPE;66;67;86;4,4
2019;Nordeste;PI;Piauí;"Institutos Federais, Cefet's e Colégio Pedro II";IFPI;Instituto Federal do Piauí;1291;1401;2364;3,8
2019;Nordeste;PI;Piauí;Universidades Federais;UFPI - CTBJ;Colégio Técnico de Bom Jesus da UFPI;29;36;49;4,1
2019;Nordeste;PI;Piauí;Universidades Federais;UFPI - CTF;Colégio Técnico de Floriano da UFPI;37;40;61;4
2019;Nordeste;PI;Piauí;Universidades Federais;UFPI-CAT;Colégio Técnico de Teresina da UFPI;36;39;66;4,5
2019;Nordeste;RN;Rio Grande do Norte;"Institutos Federais, Cefet's e Colégio Pedro II";IFRN;Instituto Federal do Rio Grande do Norte;1482;1657;2824;4,2
2019;Nordeste;RN;Rio Grande do Norte;Universidades Federais;ESUFRN;Escola de Saúde da UFRN;38;38;50;4,8
2019;Nordeste;RN;Rio Grande do Norte;Universidades Federais;UFRN - EAJ;Escola Agrícola de Jundiaí da UFRN;112;112;184;4,7
2019;Nordeste;RN;Rio Grande do Norte;Universidades Federais;UFRN - MÚSICA;Escola de Música da UFRN;61;61;87;4,5
2019;Nordeste;SE;Sergipe;"Institutos Federais, Cefet's e Colégio Pedro II";IFS;Instituto Federal de Sergipe;499;534;1217;4,2
2019;Norte;AC;Acre;"Institutos Federais, Cefet's e Colégio Pedro II";IFAC;Instituto Federal do Acre;360;378;766;3,7
2019;Norte;AM;Amazonas;"Institutos Federais, Cefet's e Colégio Pedro II";IFAM;Instituto Federal do Amazonas;903;975;1844;3,7
2019;Norte;AP;Amapá;"Institutos Federais, Cefet's e Colégio Pedro II";IFAP;Instituto Federal do Amapá;277;334;667;3,7
2019;Norte;PA;Pará;"Institutos Federais, Cefet's e Colégio Pedro II";IFPA;Instituto Federal do Pará;1330;1371;2427;3,9
2019;Norte;PA;Pará;Universidades Federais;EMUFPA;Escola de Música da UFPA;44;44;56;3,8
2019;Norte;PA;Pará;Universidades Federais;ETDUFPA;Escola de Teatro e Dança da UFPA;50;56;71;4,5
2019;Norte;RO;Rondônia;"Institutos Federais, Cefet's e Colégio Pedro II";IFRO;Instituto Federal de Rondônia;628;704;1276;3,8
2019;Norte;RR;Roraima;"Institutos Federais, Cefet's e Colégio Pedro II";IFRR;Instituto Federal de Roraima;270;310;687;3,8
2019;Norte;RR;Roraima;Universidades Federais;UFRR - EAGRO;Escola Agrotécnica da UFRR;30;38;45;4,4
2019;Norte;TO;Tocantins;"Institutos Federais, Cefet's e Colégio Pedro II";IFTO;Instituto Federal do Tocantins;664;761;1360;4
2019;Sudeste;ES;Espírito Santo;"Institutos Federais, Cefet's e Colégio Pedro II";IFES;Instituto Federal do Espírito Santo;1495;1683;3058;4,3
2019;Sudeste;MG;Minas Gerais;"Institutos Federais, Cefet's e Colégio Pedro II";CEFET-MG;Centro Federal de Educação Tecnológica de Minas Gerais;959;1124;1781;4,5
2019;Sudeste;MG;Minas Gerais;"Institutos Federais, Cefet's e Colégio Pedro II";IF SUDESTE MG;Instituto Federal do Sudeste de Minas Gerais;623;685;1338;4,3
2019;Sudeste;MG;Minas Gerais;"Institutos Federais, Cefet's e Colégio Pedro II";IFMG;Instituto Federal de Minas Gerais;985;1138;2004;4,3
2019;Sudeste;MG;Minas Gerais;"Institutos Federais, Cefet's e Colégio Pedro II";IFNMG;Instituto Federal do Norte de Minas Gerais;648;738;1421;4,1
2019;Sudeste;MG;Minas Gerais;"Institutos Federais, Cefet's e Colégio Pedro II";IFSULDEMINAS;Instituto Federal do Sul de Minas Gerais;557;626;1179;4,4
2019;Sudeste;MG;Minas Gerais;"Institutos Federais, Cefet's e Colégio Pedro II";IFTM;Instituto Federal do Triângulo Mineiro;574;627;1188;4,3
2019;Sudeste;MG;Minas Gerais;Universidades Federais;UFMG - COLTEC;Colégio Técnico da UFMG;58;62;113;4,7
2019;Sudeste;MG;Minas Gerais;Universidades Federais;UFMG - TU;Teatro Universitário da UFMG;8;8;12;3,9
2019;Sudeste;MG;Minas Gerais;Universidades Federais;UFTM-CEFORES;Centro de Formação Especial em Saúde da UFTM;29;29;55;4,2
2019;Sudeste;MG;Minas Gerais;Universidades Federais;UFU - ESTES;Escola Técnica de Saúde da UFU;39;45;60;4,5
2019;Sudeste;MG;Minas Gerais;Universidades Federais;UFV - CEDAF;Centro de Ensino e Desenvolvimento Agrário da UFV;118;121;299;4,7
2019;Sudeste;RJ;Rio de Janeiro;"Institutos Federais, Cefet's e Colégio Pedro II";CEFET-RJ;Centro Federal de Educação Tecnológica Celso Suckow da Fonseca;859;908;1519;4,4
2019;Sudeste;RJ;Rio de Janeiro;"Institutos Federais, Cefet's e Colégio Pedro II";CPII;Colégio Pedro II;1211;1350;2330;3,8
2019;Sudeste;RJ;Rio de Janeiro;"Institutos Federais, Cefet's e Colégio Pedro II";IFF;Instituto Federal Fluminense;945;1023;1742;4,1
2019;Sudeste;RJ;Rio de Janeiro;"Institutos Federais, Cefet's e Colégio Pedro II";IFRJ;Instituto Federal do Rio de Janeiro;1041;1117;1979;4,4
2019;Sudeste;RJ;Rio de Janeiro;Universidades Federais;UFRRJ - CTUR;Colégio Técnico da UFRRJ;58;69;100;4,3
2019;Sudeste;SP;São Paulo;"Institutos Federais, Cefet's e Colégio Pedro II";IFSP;Instituto Federal de São Paulo;2615;3004;4884;4,3
2019;Sul;PR;Paraná;"Institutos Federais, Cefet's e Colégio Pedro II";IFPR;Instituto Federal do Paraná;1231;1392;2337;4,2
2019;Sul;RS;Rio Grande do Sul;"Institutos Federais, Cefet's e Colégio Pedro II";IF FARROUPILHA;Instituto Federal Farroupilha;732;843;1529;4,4
2019;Sul;RS;Rio Grande do Sul;"Institutos Federais, Cefet's e Colégio Pedro II";IFRS;Instituto Federal do Rio Grande do Sul;1165;1343;2305;4,4
2019;Sul;RS;Rio Grande do Sul;"Institutos Federais, Cefet's e Colégio Pedro II";IFSUL;Instituto Federal Sul-rio-grandense;972;1141;1954;4,2
2019;Sul;RS;Rio Grande do Sul;Universidades Federais;UFSM - CTISM;Colégio Técnico Industrial da UFSM;84;91;129;4,6
2019;Sul;RS;Rio Grande do Sul;Universidades Federais;UFSM - POLITÉCNICO;Colégio Politécnico da UFSM;101;108;118;4,7
2019;Sul;SC;Santa Catarina;"Institutos Federais, Cefet's e Colégio Pedro II";IFC;Instituto Federal Catarinense;923;1051;1935;4,3
2019;Sul;SC;Santa Catarina;"Institutos Federais, Cefet's e Colégio Pedro II";IFSC;Instituto Federal de Santa Catarina;1414;1623;2776;4,3
2018;Centro-Oeste;DF;Distrito Federal;"Institutos Federais, Cefet's e Colégio Pedro II";IFB;Instituto Federal de Brasília;671;712;1275;4
2018;Centro-Oeste;GO;Goiás;"Institutos Federais, Cefet's e Colégio Pedro II";IF GOIANO;Instituto Federal Goiano;674;774;1423;4,3
2018;Centro-Oeste;GO;Goiás;"Institutos Federais, Cefet's e Colégio Pedro II";IFG;Instituto Federal de Goiás;1126;1302;2195;4,1
2018;Centro-Oeste;MS;Mato Grosso do Sul;"Institutos Federais, Cefet's e Colégio Pedro II";IFMS;Instituto Federal do Mato Grosso do Sul;546;609;1184;3,8
2018;Centro-Oeste;MT;Mato Grosso;"Institutos Federais, Cefet's e Colégio Pedro II";IFMT;Instituto Federal do Mato Grosso;1044;1232;2077;3,9
2018;Nordeste;AL;Alagoas;"Institutos Federais, Cefet's e Colégio Pedro II";IFAL;Instituto Federal de Alagoas;960;1033;1818;3,8
2018;Nordeste;AL;Alagoas;Universidades Federais;UFAL - ETA;Escola Técnica de Artes da UFAL;19;19;29;3,8
2018;Nordeste;BA;Bahia;"Institutos Federais, Cefet's e Colégio Pedro II";IF BAIANO;Instituto Federal Baiano;789;849;1713;4
2018;Nordeste;BA;Bahia;"Institutos Federais, Cefet's e Colégio Pedro II";IFBA;Instituto Federal da Bahia;1516;1715;2816;3,9
2018;Nordeste;CE;Ceará;"Institutos Federais, Cefet's e Colégio Pedro II";IFCE;Instituto Federal do Ceará;1695;1846;3441;4
2018;Nordeste;MA;Maranhão;"Institutos Federais, Cefet's e Colégio Pedro II";IFMA;Instituto Federal do Maranhão;1662;1796;3174;3,6
2018;Nordeste;MA;Maranhão;Universidades Federais;UFMA - COLUN;Colégio Universitário da UFMA;81;88;111;3,7
2018;Nordeste;PB;Paraíba;"Institutos Federais, Cefet's e Colégio Pedro II";IFPB;Instituto Federal da Paraíba;1151;1324;2355;4,1
2018;Nordeste;PB;Paraíba;Universidades Federais;UFCG - ETSC;Escola Técnica de Saúde de Cajazeiras da UFCG;28;29;39;4,3
2018;Nordeste;PB;Paraíba;Universidades Federais;UFPB - CAVN;Colégio Agrícola Vidal de Negreiros da UFPB;75;77;195;4,5
2018;Nordeste;PB;Paraíba;Universidades Federais;UFPB - ETS;Escola Técnica de Saúde da UFPB;36;41;58;4,5
2018;Nordeste;PE;Pernambuco;"Institutos Federais, Cefet's e Colégio Pedro II";IF SERTÃO-PE;Instituto Federal do Sertão Pernambucano;438;495;1025;3,8
2018;Nordeste;PE;Pernambuco;"Institutos Federais, Cefet's e Colégio Pedro II";IFPE;Instituto Federal de Pernambuco;1217;1277;2291;3,9
2018;Nordeste;PE;Pernambuco;Universidades Federais;UFRPE - CODAI;Colégio Agrícola Dom Agostinho Ikas da UFRPE;64;66;85;4,4
2018;Nordeste;PI;Piauí;"Institutos Federais, Cefet's e Colégio Pedro II";IFPI;Instituto Federal do Piauí;1239;1349;2296;3,7
2018;Nordeste;PI;Piauí;Universidades Federais;UFPI - CTBJ;Colégio Técnico de Bom Jesus da UFPI;33;44;58;4
2018;Nordeste;PI;Piauí;Universidades Federais;UFPI - CTF;Colégio Técnico de Floriano da UFPI;35;42;65;3,8
2018;Nordeste;PI;Piauí;Universidades Federais;UFPI-CAT;Colégio Técnico de Teresina da UFPI;36;39;71;4,4
2018;Nordeste;RN;Rio Grande do Norte;"Institutos Federais, Cefet's e Colégio Pedro II";IFRN;Instituto Federal do Rio Grande do Norte;1473;1628;2787;4
2018;Nordeste;RN;Rio Grande do Norte;Universidades Federais;ESUFRN;Escola de Saúde da UFRN;39;39;49;4,8
2018;Nordeste;RN;Rio Grande do Norte;Universidades Federais;UFRN - EAJ;Escola Agrícola de Jundiaí da UFRN;110;116;184;4,7
2018;Nordeste;RN;Rio Grande do Norte;Universidades Federais;UFRN - MÚSICA;Escola de Música da UFRN;61;70;96;4,4
2018;Nordeste;SE;Sergipe;"Institutos Federais, Cefet's e Colégio Pedro II";IFS;Instituto Federal de Sergipe;506;529;1195;4,1
2018;Norte;AC;Acre;"Institutos Federais, Cefet's e Colégio Pedro II";IFAC;Instituto Federal do Acre;357;373;754;3,6
2018;Norte;AM;Amazonas;"Institutos Federais, Cefet's e Colégio Pedro II";IFAM;Instituto Federal do Amazonas;941;1006;1900;3,5
2018;Norte;AP;Amapá;"Institutos Federais, Cefet's e Colégio Pedro II";IFAP;Instituto Federal do Amapá;282;312;635;3,4
2018;Norte;PA;Pará;"Institutos Federais, Cefet's e Colégio Pedro II";IFPA;Instituto Federal do Pará;1269;1301;2324;3,7
2018;Norte;PA;Pará;Universidades Federais;EMUFPA;Escola de Música da UFPA;43;43;57;3,7
2018;Norte;PA;Pará;Universidades Federais;ETDUFPA;Escola de Teatro e Dança da UFPA;3;3;8;4,3
2018;Norte;RO;Rondônia;"Institutos Federais, Cefet's e Colégio Pedro II";IFRO;Instituto Federal de Rondônia;614;700;1261;3,6
2018;Norte;RR;Roraima;"Institutos Federais, Cefet's e Colégio Pedro II";IFRR;Instituto Federal de Roraima;286;327;709;3,7
2018;Norte;RR;Roraima;Universidades Federais;UFRR - EAGRO;Escola Agrotécnica da UFRR;30;35;43;4,3
2018;Norte;TO;Tocantins;"Institutos Federais, Cefet's e Colégio Pedro II";IFTO;Instituto Federal do Tocantins;646;721;1305;3,9
2018;Sudeste;ES;Espírito Santo;"Institutos Federais, Cefet's e Colégio Pedro II";IFES;Instituto Federal do Espírito Santo;1461;1637;2995;4,2
2018;Sudeste;MG;Minas Gerais;"Institutos Federais, Cefet's e Colégio Pedro II";CEFET-MG;Centro Federal de Educação Tecnológica de Minas Gerais;947;1096;1765;4,4
2018;Sudeste;MG;Minas Gerais;"Institutos Federais, Cefet's e Colégio Pedro II";IF SUDESTE MG;Instituto Federal do Sudeste de Minas Gerais;591;660;1289;4,2
2018;Sudeste;MG;Minas Gerais;"Institutos Federais, Cefet's e Colégio Pedro II";IFMG;Instituto Federal de Minas Gerais;925;1057;1937;4,1
2018;Sudeste;MG;Minas Gerais;"Institutos Federais, Cefet's e Colégio Pedro II";IFNMG;Instituto Federal do Norte de Minas Gerais;626;719;1405;3,9
2018;Sudeste;MG;Minas Gerais;"Institutos Federais, Cefet's e Colégio Pedro II";IFSULDEMINAS;Instituto Federal do Sul de Minas Gerais;537;618;1171;4,3
2018;Sudeste;MG;Minas Gerais;"Institutos Federais, Cefet's e Colégio Pedro II";IFTM;Instituto Federal do Triângulo Mineiro;566;620;1190;4,2
2018;Sudeste;MG;Minas Gerais;Universidades Federais;UFMG - COLTEC;Colégio Técnico da UFMG;53;60;77;4,7
2018;Sudeste;MG;Minas Gerais;Universidades Federais;UFMG - TU;Teatro Universitário da UFMG;7;8;12;3,9
2018;Sudeste;MG;Minas Gerais;Universidades Federais;UFTM-CEFORES;Centro de Formação Especial em Saúde da UFTM;29;29;51;4,2
2018;Sudeste;MG;Minas Gerais;Universidades Federais;UFU - ESTES;Escola Técnica de Saúde da UFU;39;43;56;4,4
2018;Sudeste;MG;Minas Gerais;Universidades Federais;UFV - CEDAF;Centro de Ensino e Desenvolvimento Agrário da UFV;117;134;332;4,7
2018;Sudeste;RJ;Rio de Janeiro;"Institutos Federais, Cefet's e Colégio Pedro II";CEFET-RJ;Centro Federal de Educação Tecnológica Celso Suckow da Fonseca;868;933;1556;4,2
2018;Sudeste;RJ;Rio de Janeiro;"Institutos Federais, Cefet's e Colégio Pedro II";CPII;Colégio Pedro II;1161;1405;2395;3,8
2018;Sudeste;RJ;Rio de Janeiro;"Institutos Federais, Cefet's e Colégio Pedro II";IFF;Instituto Federal Fluminense;940;1028;1742;3,9
2018;Sudeste;RJ;Rio de Janeiro;"Institutos Federais, Cefet's e Colégio Pedro II";IFRJ;Instituto Federal do Rio de Janeiro;1054;1112;1993;4,3
2018;Sudeste;RJ;Rio de Janeiro;Universidades Federais;UFRRJ - CTUR;Colégio Técnico da UFRRJ;56;65;96;4,1
2018;Sudeste;SP;São Paulo;"Institutos Federais, Cefet's e Colégio Pedro II";IFSP;Instituto Federal de São Paulo;2530;2955;4798;4,1
2018;Sul;PR;Paraná;"Institutos Federais, Cefet's e Colégio Pedro II";IFPR;Instituto Federal do Paraná;1183;1299;2229;4
2018;Sul;RS;Rio Grande do Sul;"Institutos Federais, Cefet's e Colégio Pedro II";IF FARROUPILHA;Instituto Federal Farroupilha;691;820;1489;4,2
2018;Sul;RS;Rio Grande do Sul;"Institutos Federais, Cefet's e Colégio Pedro II";IFRS;Instituto Federal do Rio Grande do Sul;1081;1261;2245;4,3
2018;Sul;RS;Rio Grande do Sul;"Institutos Federais, Cefet's e Colégio Pedro II";IFSUL;Instituto Federal Sul-rio-grandense;975;1123;1925;4,1
2018;Sul;RS;Rio Grande do Sul;Universidades Federais;UFSM - CTISM;Colégio Técnico Industrial da UFSM;80;86;121;4,6
2018;Sul;RS;Rio Grande do Sul;Universidades Federais;UFSM - POLITÉCNICO;Colégio Politécnico da UFSM;107;114;138;4,5
2018;Sul;SC;Santa Catarina;"Institutos Federais, Cefet's e Colégio Pedro II";IFC;Instituto Federal Catarinense;914;1038;1902;4,2
2018;Sul;SC;Santa Catarina;"Institutos Federais, Cefet's e Colégio Pedro II";IFSC;Instituto Federal de Santa Catarina;1390;1605;2749;4,1
2017;Centro-Oeste;DF;Distrito Federal;"Institutos Federais, Cefet's e Colégio Pedro II";IFB;Instituto Federal de Brasília;500;548;1093;4
2017;Centro-Oeste;GO;Goiás;"Institutos Federais, Cefet's e Colégio Pedro II";IF GOIANO;Instituto Federal Goiano;660;750;1391;4,3
2017;Centro-Oeste;GO;Goiás;"Institutos Federais, Cefet's e Colégio Pedro II";IFG;Instituto Federal de Goiás;1110;1281;2175;4,1
2017;Centro-Oeste;MS;Mato Grosso do Sul;"Institutos Federais, Cefet's e Colégio Pedro II";IFMS;Instituto Federal do Mato Grosso do Sul;526;580;1163;3,9
2017;Centro-Oeste;MT;Mato Grosso;"Institutos Federais, Cefet's e Colégio Pedro II";IFMT;Instituto Federal do Mato Grosso;1037;1223;2072;3,9
2017;Nordeste;AL;Alagoas;"Institutos Federais, Cefet's e Colégio Pedro II";IFAL;Instituto Federal de Alagoas;940;1007;1766;3,8
2017;Nordeste;AL;Alagoas;Universidades Federais;UFAL - ETA;Escola Técnica de Artes da UFAL;20;21;31;3,6
2017;Nordeste;BA;Bahia;"Institutos Federais, Cefet's e Colégio Pedro II";IF BAIANO;Instituto Federal Baiano;660;741;1553;4
2017;Nordeste;BA;Bahia;"Institutos Federais, Cefet's e Colégio Pedro II";IFBA;Instituto Federal da Bahia;1370;1541;2637;3,9
2017;Nordeste;CE;Ceará;"Institutos Federais, Cefet's e Colégio Pedro II";IFCE;Instituto Federal do Ceará;1698;1809;3334;3,9
2017;Nordeste;MA;Maranhão;"Institutos Federais, Cefet's e Colégio Pedro II";IFMA;Instituto Federal do Maranhão;1640;1737;3100;3,6
2017;Nordeste;MA;Maranhão;Universidades Federais;UFMA - COLUN;Colégio Universitário da UFMA;79;88;109;3,6
2017;Nordeste;PB;Paraíba;"Institutos Federais, Cefet's e Colégio Pedro II";IFPB;Instituto Federal da Paraíba;1161;1324;2364;4,1
2017;Nordeste;PB;Paraíba;Universidades Federais;UFCG - ETSC;Escola Técnica de Saúde de Cajazeiras da UFCG;28;29;39;4,3
2017;Nordeste;PB;Paraíba;Universidades Federais;UFPB - CAVN;Colégio Agrícola Vidal de Negreiros da UFPB;80;87;210;4,5
2017;Nordeste;PB;Paraíba;Universidades Federais;UFPB - ETS;Escola Técnica de Saúde da UFPB;36;40;55;4,8
2017;Nordeste;PE;Pernambuco;"Institutos Federais, Cefet's e Colégio Pedro II";IF SERTÃO-PE;Instituto Federal do Sertão Pernambucano;438;480;1019;3,8
2017;Nordeste;PE;Pernambuco;"Institutos Federais, Cefet's e Colégio Pedro II";IFPE;Instituto Federal de Pernambuco;1187;1252;2266;3,9
2017;Nordeste;PE;Pernambuco;Universidades Federais;UFRPE - CODAI;Colégio Agrícola Dom Agostinho Ikas da UFRPE;54;55;77;4,3
2017;Nordeste;PI;Piauí;"Institutos Federais, Cefet's e Colégio Pedro II";IFPI;Instituto Federal do Piauí;1130;1251;2205;3,6
2017;Nordeste;PI;Piauí;Universidades Federais;UFPI - CTBJ;Colégio Técnico de Bom Jesus da UFPI;31;38;52;4
2017;Nordeste;PI;Piauí;Universidades Federais;UFPI - CTF;Colégio Técnico de Floriano da UFPI;35;43;65;3,8
2017;Nordeste;PI;Piauí;Universidades Federais;UFPI-CAT;Colégio Técnico de Teresina da UFPI;39;41;76;4,3
2017;Nordeste;RN;Rio Grande do Norte;"Institutos Federais, Cefet's e Colégio Pedro II";IFRN;Instituto Federal do Rio Grande do Norte;1389;1559;2695;4,1
2017;Nordeste;RN;Rio Grande do Norte;Universidades Federais;ESUFRN;Escola de Saúde da UFRN;39;46;56;3,9
2017;Nordeste;RN;Rio Grande do Norte;Universidades Federais;UFRN - EAJ;Escola Agrícola de Jundiaí da UFRN;104;118;189;4,6
2017;Nordeste;RN;Rio Grande do Norte;Universidades Federais;UFRN - MÚSICA;Escola de Música da UFRN;56;62;85;4,4
2017;Nordeste;SE;Sergipe;"Institutos Federais, Cefet's e Colégio Pedro II";IFS;Instituto Federal de Sergipe;500;543;1189;4,1
2017;Norte;AC;Acre;"Institutos Federais, Cefet's e Colégio Pedro II";IFAC;Instituto Federal do Acre;341;354;690;3,5
2017;Norte;AM;Amazonas;"Institutos Federais, Cefet's e Colégio Pedro II";IFAM;Instituto Federal do Amazonas;956;1028;1949;3,5
2017;Norte;AP;Amapá;"Institutos Federais, Cefet's e Colégio Pedro II";IFAP;Instituto Federal do Amapá;246;269;575;3,5
2017;Norte;PA;Pará;"Institutos Federais, Cefet's e Colégio Pedro II";IFPA;Instituto Federal do Pará;1209;1238;2257;3,7
2017;Norte;PA;Pará;Universidades Federais;EMUFPA;Escola de Música da UFPA;47;47;60;3,7
2017;Norte;PA;Pará;Universidades Federais;ETDUFPA;Escola de Teatro e Dança da UFPA;3;3;8;4,3
2017;Norte;RO;Rondônia;"Institutos Federais, Cefet's e Colégio Pedro II";IFRO;Instituto Federal de Rondônia;548;622;1187;3,7
2017;Norte;RR;Roraima;"Institutos Federais, Cefet's e Colégio Pedro II";IFRR;Instituto Federal de Roraima;292;312;688;3,6
2017;Norte;RR;Roraima;Universidades Federais;UFRR - EAGRO;Escola Agrotécnica da UFRR;30;39;45;4
2017;Norte;TO;Tocantins;"Institutos Federais, Cefet's e Colégio Pedro II";IFTO;Instituto Federal do Tocantins;623;697;1275;3,8
2017;Sudeste;ES;Espírito Santo;"Institutos Federais, Cefet's e Colégio Pedro II";IFES;Instituto Federal do Espírito Santo;1456;1603;2944;4,2
2017;Sudeste;MG;Minas Gerais;"Institutos Federais, Cefet's e Colégio Pedro II";CEFET-MG;Centro Federal de Educação Tecnológica de Minas Gerais;888;1063;1733;4,4
2017;Sudeste;MG;Minas Gerais;"Institutos Federais, Cefet's e Colégio Pedro II";IF SUDESTE MG;Instituto Federal do Sudeste de Minas Gerais;576;670;1299;4,2
2017;Sudeste;MG;Minas Gerais;"Institutos Federais, Cefet's e Colégio Pedro II";IFMG;Instituto Federal de Minas Gerais;910;1009;1873;4,1
2017;Sudeste;MG;Minas Gerais;"Institutos Federais, Cefet's e Colégio Pedro II";IFNMG;Instituto Federal do Norte de Minas Gerais;629;711;1366;3,9
2017;Sudeste;MG;Minas Gerais;"Institutos Federais, Cefet's e Colégio Pedro II";IFSULDEMINAS;Instituto Federal do Sul de Minas Gerais;528;613;1168;4,3
2017;Sudeste;MG;Minas Gerais;"Institutos Federais, Cefet's e Colégio Pedro II";IFTM;Instituto Federal do Triângulo Mineiro;556;599;1148;4,2
2017;Sudeste;MG;Minas Gerais;Universidades Federais;UFMG - COLTEC;Colégio Técnico da UFMG;55;61;99;4,7
2017;Sudeste;MG;Minas Gerais;Universidades Federais;UFMG - TU;Teatro Universitário da UFMG;7;8;12;3,7
2017;Sudeste;MG;Minas Gerais;Universidades Federais;UFTM-CEFORES;Centro de Formação Especial em Saúde da UFTM;30;30;50;4,2
2017;Sudeste;MG;Minas Gerais;Universidades Federais;UFU - ESTES;Escola Técnica de Saúde da UFU;38;44;59;4,4
2017;Sudeste;MG;Minas Gerais;Universidades Federais;UFV - CEDAF;Centro de Ensino e Desenvolvimento Agrário da UFV;115;136;343;4,7
2017;Sudeste;RJ;Rio de Janeiro;"Institutos Federais, Cefet's e Colégio Pedro II";CEFET-RJ;Centro Federal de Educação Tecnológica Celso Suckow da Fonseca;866;919;1558;4,2
2017;Sudeste;RJ;Rio de Janeiro;"Institutos Federais, Cefet's e Colégio Pedro II";CPII;Colégio Pedro II;1206;1391;2362;3,7
2017;Sudeste;RJ;Rio de Janeiro;"Institutos Federais, Cefet's e Colégio Pedro II";IFF;Instituto Federal Fluminense;918;1026;1729;3,9
2017;Sudeste;RJ;Rio de Janeiro;"Institutos Federais, Cefet's e Colégio Pedro II";IFRJ;Instituto Federal do Rio de Janeiro;1047;1096;1967;4,3
2017;Sudeste;RJ;Rio de Janeiro;Universidades Federais;UFRRJ - CTUR;Colégio Técnico da UFRRJ;60;71;101;4,1
2017;Sudeste;SP;São Paulo;"Institutos Federais, Cefet's e Colégio Pedro II";IFSP;Instituto Federal de São Paulo;2481;2859;4683;4,1
2017;Sul;PR;Paraná;"Institutos Federais, Cefet's e Colégio Pedro II";IFPR;Instituto Federal do Paraná;1112;1255;2144;4
2017;Sul;RS;Rio Grande do Sul;"Institutos Federais, Cefet's e Colégio Pedro II";IF FARROUPILHA;Instituto Federal Farroupilha;674;795;1474;4,2
2017;Sul;RS;Rio Grande do Sul;"Institutos Federais, Cefet's e Colégio Pedro II";IFRS;Instituto Federal do Rio Grande do Sul;1060;1221;2173;4,3
2017;Sul;RS;Rio Grande do Sul;"Institutos Federais, Cefet's e Colégio Pedro II";IFSUL;Instituto Federal Sul-rio-grandense;923;1078;1878;4,1
2017;Sul;RS;Rio Grande do Sul;Universidades Federais;UFSM - CTISM;Colégio Técnico Industrial da UFSM;76;83;115;4,5
2017;Sul;RS;Rio Grande do Sul;Universidades Federais;UFSM - POLITÉCNICO;Colégio Politécnico da UFSM;95;102;126;4,6
2017;Sul;SC;Santa Catarina;"Institutos Federais, Cefet's e Colégio Pedro II";IFC;Instituto Federal Catarinense;923;1027;1882;4,2
2017;Sul;SC;Santa Catarina;"Institutos Federais, Cefet's e Colégio Pedro II";IFSC;Instituto Federal de Santa Catarina;1373;1559;2709;4,1
